train_loss_step,validation_loss,elbo_validation,reconstruction_loss_validation,kl_local_validation,kl_global_validation,train_loss_epoch,elbo_train,reconstruction_loss_train,kl_local_train,kl_global_train
694.8696899414062,700.922607421875,771.7915649414062,700.922607421875,70.86897277832031,0.0,731.0275268554688,802.0006103515625,731.0275268554688,70.97306060791016,0.0
696.1470336914062,697.284423828125,767.7367553710938,697.1078491210938,70.6289291381836,0.0,725.081298828125,795.92333984375,724.903564453125,71.019775390625,0.0
698.5839233398438,695.1185913085938,765.7113037109375,694.763916015625,70.94740295410156,0.0,721.558349609375,792.0955200195312,721.2037353515625,70.89178466796875,0.0
685.23388671875,692.981689453125,763.282958984375,692.450439453125,70.83253479003906,0.0,719.7796020507812,790.1602172851562,719.247802734375,70.91242980957031,0.0
711.2233276367188,691.8377075195312,762.1701049804688,691.1273193359375,71.04277038574219,0.0,718.0297241210938,788.2298583984375,717.3206176757812,70.90924072265625,0.0
708.0440673828125,690.134033203125,760.07763671875,689.2487182617188,70.82890319824219,0.0,717.1383056640625,787.2352294921875,716.2510375976562,70.98422241210938,0.0
696.1158447265625,689.8126220703125,759.6177978515625,688.74951171875,70.86827850341797,0.0,716.3721923828125,786.225830078125,715.3084106445312,70.91744232177734,0.0
691.1136474609375,689.718017578125,759.5181274414062,688.4747924804688,71.04331970214844,0.0,715.5392456054688,785.241455078125,714.297607421875,70.94386291503906,0.0
754.7114868164062,689.4636840820312,758.9266967773438,688.0460815429688,70.880615234375,0.0,714.9331665039062,784.450927734375,713.5144653320312,70.93643188476562,0.0
633.4317626953125,687.7273559570312,757.1109619140625,686.1301879882812,70.98078155517578,0.0,714.3948974609375,783.7362060546875,712.7988891601562,70.93732452392578,0.0
699.8700561523438,688.1736450195312,757.2929077148438,686.4013671875,70.89151763916016,0.0,714.2704467773438,783.400390625,712.4979858398438,70.90239715576172,0.0
708.408203125,687.8466186523438,756.8677978515625,685.894775390625,70.97305297851562,0.0,713.8824462890625,782.9534912109375,711.9293212890625,71.0241470336914,0.0
763.7950439453125,688.1526489257812,756.9946899414062,686.0235595703125,70.97114562988281,0.0,713.58544921875,782.46142578125,711.4554443359375,71.00598907470703,0.0
721.9251708984375,687.8428955078125,756.733642578125,685.5287475585938,71.20487976074219,0.0,713.6659545898438,782.3135986328125,711.3599853515625,70.95359802246094,0.0
740.3903198242188,688.626953125,757.3070678710938,686.1359252929688,71.17113494873047,0.0,713.4132080078125,781.9381103515625,710.9278564453125,71.01026153564453,0.0
720.5266723632812,687.7879028320312,756.1549072265625,685.1242065429688,71.03072357177734,0.0,713.3618774414062,781.6884155273438,710.6997680664062,70.98863220214844,0.0
712.980224609375,687.6680297851562,755.5972900390625,684.8375854492188,70.75971221923828,0.0,713.1466674804688,781.3944702148438,710.302978515625,71.09149932861328,0.0
718.3568725585938,687.16259765625,755.06494140625,684.148681640625,70.91624450683594,0.0,712.9345092773438,780.8832397460938,709.9185791015625,70.96467590332031,0.0
704.1730346679688,687.3472290039062,754.975830078125,684.1605834960938,70.81522369384766,0.0,713.1364135742188,780.9028930664062,709.9432373046875,70.95964050292969,0.0
765.7940673828125,687.529541015625,755.0462646484375,684.1624755859375,70.88379669189453,0.0,713.2339477539062,780.9003295898438,709.8595581054688,71.04076385498047,0.0
730.002197265625,687.946533203125,755.3677978515625,684.3980712890625,70.96971893310547,0.0,712.8466186523438,780.3226928710938,709.2952270507812,71.02745819091797,0.0
731.6865844726562,687.9658203125,755.3313598632812,684.233154296875,71.09822082519531,0.0,712.9805908203125,780.2838134765625,709.2514038085938,71.03241729736328,0.0
742.17236328125,687.5023803710938,754.6693115234375,683.5932006835938,71.07610321044922,0.0,713.4906005859375,780.6587524414062,709.581298828125,71.07747650146484,0.0
713.2056274414062,687.5853881835938,754.5878295898438,683.4976806640625,71.09014892578125,0.0,713.4328002929688,780.47607421875,709.3424682617188,71.13359069824219,0.0
709.7404174804688,687.2702026367188,754.0545654296875,683.0073852539062,71.04717254638672,0.0,713.4057006835938,780.1821899414062,709.143310546875,71.03890228271484,0.0
731.8187255859375,687.9754028320312,754.744873046875,683.5241088867188,71.22077178955078,0.0,713.6698608398438,780.2725219726562,709.2297973632812,71.0427017211914,0.0
680.11572265625,688.0225219726562,754.478271484375,683.4025268554688,71.07575225830078,0.0,713.3041381835938,779.7157592773438,708.6873779296875,71.02838134765625,0.0
729.4440307617188,688.26220703125,754.6915283203125,683.4536743164062,71.23784637451172,0.0,713.1864624023438,779.4946899414062,708.3866577148438,71.1080551147461,0.0
712.8661499023438,687.4580688476562,753.7249755859375,682.47021484375,71.25477600097656,0.0,713.7788696289062,779.9195556640625,708.800537109375,71.11903381347656,0.0
740.21923828125,687.9611206054688,753.9034423828125,682.8065795898438,71.09686279296875,0.0,713.78271484375,779.7478637695312,708.6264038085938,71.1214599609375,0.0
693.8659057617188,688.380126953125,754.10986328125,683.0505981445312,71.05923461914062,0.0,714.216796875,779.9680786132812,708.8856201171875,71.08246612548828,0.0
752.6945190429688,687.477783203125,753.0109252929688,681.9722900390625,71.03864288330078,0.0,714.0859375,779.6402587890625,708.5786743164062,71.06156921386719,0.0
697.9781494140625,688.00439453125,753.2384033203125,682.3318481445312,70.90656280517578,0.0,714.0548706054688,779.456298828125,708.3676147460938,71.08865356445312,0.0
696.1826782226562,688.1355590820312,753.4857788085938,682.2593994140625,71.22637176513672,0.0,714.1532592773438,779.3868408203125,708.2875366210938,71.09931945800781,0.0
732.400634765625,688.8987426757812,753.7528686523438,682.8740844726562,70.8788070678711,0.0,714.2616577148438,779.3013916015625,708.2197265625,71.08168029785156,0.0
685.8203125,688.6591186523438,753.5059814453125,682.44091796875,71.0650405883789,0.0,714.487548828125,779.3220825195312,708.2705078125,71.05159759521484,0.0
736.55859375,689.0400390625,753.8746337890625,682.6279907226562,71.24664306640625,0.0,714.5967407226562,779.3764038085938,708.18994140625,71.18647003173828,0.0
696.380126953125,688.903564453125,753.3660278320312,682.3330078125,71.03303527832031,0.0,714.650634765625,779.184814453125,708.0728149414062,71.11200714111328,0.0
740.5052490234375,689.3515625,753.8484497070312,682.5812377929688,71.2672348022461,0.0,714.6807861328125,779.0074462890625,707.9284057617188,71.07904815673828,0.0
757.9225463867188,688.9243774414062,753.1797485351562,681.9826049804688,71.19715118408203,0.0,714.9310913085938,779.1207885742188,707.9965209960938,71.12425231933594,0.0
733.1592407226562,688.4652709960938,752.4531860351562,681.3555297851562,71.0976791381836,0.0,714.8876953125,778.874755859375,707.7778930664062,71.09688568115234,0.0
785.144287109375,688.7344970703125,752.6183471679688,681.4386596679688,71.1797103881836,0.0,715.1212768554688,779.0504150390625,707.8201293945312,71.23030853271484,0.0
712.61962890625,689.0264282226562,752.6270141601562,681.5648803710938,71.06212615966797,0.0,715.3037719726562,779.0186157226562,707.828857421875,71.18973541259766,0.0
697.1294555664062,688.7617797851562,752.291748046875,681.1097412109375,71.1820297241211,0.0,715.1152954101562,778.6036376953125,707.46826171875,71.13534545898438,0.0
602.470458984375,689.6325073242188,753.0223388671875,681.7977905273438,71.22455596923828,0.0,715.5348510742188,778.7701416015625,707.7192993164062,71.05084991455078,0.0
727.2972412109375,689.239501953125,752.2861328125,681.2476806640625,71.03842163085938,0.0,715.7185668945312,778.8455810546875,707.7166137695312,71.12895965576172,0.0
714.8665771484375,689.6100463867188,752.6110229492188,681.4234619140625,71.18758392333984,0.0,715.4940795898438,778.5453491210938,707.3009643554688,71.24437713623047,0.0
721.4161376953125,689.9117431640625,752.6553955078125,681.5578002929688,71.09759521484375,0.0,716.0984497070312,778.935791015625,707.73193359375,71.203857421875,0.0
734.025390625,689.5685424804688,752.3093872070312,681.012939453125,71.29644012451172,0.0,716.1106567382812,778.68701171875,707.5774536132812,71.10955047607422,0.0
691.7056274414062,690.2035522460938,752.6290283203125,681.4888305664062,71.14016723632812,0.0,716.3174438476562,778.7672119140625,707.5995483398438,71.16768646240234,0.0
703.31982421875,689.997802734375,752.3987426757812,681.08349609375,71.31524658203125,0.0,716.2106323242188,778.4714965820312,707.3162841796875,71.15519714355469,0.0
722.1797485351562,690.8598022460938,753.066162109375,681.7694091796875,71.29672241210938,0.0,716.527587890625,778.6815185546875,707.4448852539062,71.23661041259766,0.0
689.70166015625,690.2598876953125,752.2008056640625,681.0044555664062,71.19635772705078,0.0,716.6641845703125,778.5792236328125,707.4125366210938,71.16667175292969,0.0
697.4945068359375,690.8721313476562,752.5606079101562,681.4500122070312,71.11058807373047,0.0,716.4428100585938,778.2039184570312,707.0093994140625,71.19451141357422,0.0
698.0104370117188,690.8480834960938,752.3594970703125,681.248046875,71.11146545410156,0.0,716.6351318359375,778.1484985351562,707.0347290039062,71.11378479003906,0.0
755.2557373046875,690.68798828125,752.0057983398438,680.9127197265625,71.09306335449219,0.0,717.0131225585938,778.4066162109375,707.2257080078125,71.18087768554688,0.0
716.5556640625,690.985107421875,752.2747802734375,681.0077514648438,71.26700592041016,0.0,717.3046264648438,778.4608764648438,707.3489379882812,71.11194610595703,0.0
686.0497436523438,691.2139282226562,752.33349609375,681.0570068359375,71.27647399902344,0.0,717.2412109375,778.3033447265625,707.09375,71.2095718383789,0.0
708.3526000976562,691.5316162109375,752.3721313476562,681.2137451171875,71.15838623046875,0.0,717.4420776367188,778.2885131835938,707.123046875,71.16545867919922,0.0
757.202880859375,691.089111328125,751.81494140625,680.5823364257812,71.23258209228516,0.0,717.8094482421875,778.4896240234375,707.3106689453125,71.1789779663086,0.0
743.4078979492188,691.4989624023438,751.9768676757812,680.8263549804688,71.1505126953125,0.0,717.8189086914062,778.3671875,707.134033203125,71.23316955566406,0.0
740.4971923828125,691.4553833007812,751.8359375,680.59033203125,71.2455825805664,0.0,717.99560546875,778.28955078125,707.1463012695312,71.14327239990234,0.0
710.4774169921875,691.8612670898438,752.1516723632812,680.802001953125,71.34968566894531,0.0,718.0108642578125,778.17333984375,706.9752807617188,71.19806671142578,0.0
718.21875,692.201904296875,752.2452392578125,680.9771118164062,71.26809692382812,0.0,718.168701171875,778.1836547851562,706.9494018554688,71.23424530029297,0.0
710.2179565429688,692.5183715820312,752.3935546875,681.113525390625,71.280029296875,0.0,718.3832397460938,778.1682739257812,706.9954833984375,71.17281341552734,0.0
740.833251953125,691.9000854492188,751.5147705078125,680.3331909179688,71.18157958984375,0.0,718.3488159179688,777.9827880859375,706.7780151367188,71.20476531982422,0.0
748.2835083007812,692.525634765625,752.1735229492188,680.7389526367188,71.4345474243164,0.0,718.6055297851562,778.0813598632812,706.85302734375,71.22834014892578,0.0
719.6138916015625,692.615234375,751.9032592773438,680.6864624023438,71.21678161621094,0.0,718.685791015625,777.9616088867188,706.759521484375,71.20206451416016,0.0
677.3738403320312,693.6168823242188,752.8176879882812,681.4913940429688,71.3262939453125,0.0,718.69384765625,777.83056640625,706.5814208984375,71.24917602539062,0.0
731.2505493164062,692.5262451171875,751.5555419921875,680.220947265625,71.33460998535156,0.0,718.9679565429688,777.90185546875,706.6827392578125,71.2191162109375,0.0
714.8604736328125,692.8462524414062,751.6117553710938,680.380859375,71.23089599609375,0.0,719.3806762695312,778.1184692382812,706.9210205078125,71.19745635986328,0.0
749.1531372070312,693.6646728515625,752.2659912109375,681.0182495117188,71.24775695800781,0.0,719.3226318359375,777.864013671875,706.6889038085938,71.17510223388672,0.0
705.6174926757812,693.4843139648438,751.9686279296875,680.6463623046875,71.3222885131836,0.0,719.5585327148438,777.9326171875,706.7448120117188,71.18779754638672,0.0
729.6991577148438,693.7962036132812,751.9745483398438,680.8084106445312,71.16613006591797,0.0,719.84765625,778.05517578125,706.8531494140625,71.2020492553711,0.0
687.6103515625,694.11181640625,752.045166015625,680.9612426757812,71.08390808105469,0.0,719.7030029296875,777.7659301757812,706.5231323242188,71.2428207397461,0.0
695.6607055664062,693.73046875,751.626708984375,680.369873046875,71.25685119628906,0.0,719.9113159179688,777.7005004882812,706.575439453125,71.12503814697266,0.0
