kl_weight,train_loss_step,validation_loss,elbo_validation,reconstruction_loss_validation,kl_local_validation,kl_global_validation,train_loss_epoch,elbo_train,reconstruction_loss_train,kl_local_train,kl_global_train
0.0,643.8739624023438,661.5326538085938,704.699951171875,661.5326538085938,43.167266845703125,0.0,784.9017944335938,810.4221801757812,784.9017944335938,25.520397186279297,0.0
0.0024999999441206455,654.4097290039062,623.9723510742188,675.2072143554688,623.8438720703125,51.36335372924805,0.0,635.482421875,683.6565551757812,635.3616333007812,48.29494857788086,0.0
0.004999999888241291,638.39697265625,608.0234985351562,660.7675170898438,607.7584228515625,53.00910568237305,0.0,614.7294311523438,664.2985229492188,614.4802856445312,49.818260192871094,0.0
0.007499999832361937,631.904541015625,596.4610595703125,651.0029907226562,596.0489501953125,54.95404815673828,0.0,600.4754638671875,652.4144897460938,600.0828247070312,52.3316650390625,0.0
0.009999999776482582,631.5763549804688,588.5117797851562,642.3925170898438,587.967529296875,54.425010681152344,0.0,591.1297607421875,643.6561889648438,590.599365234375,53.05682373046875,0.0
0.012500000186264515,573.8908081054688,581.9600830078125,636.5487670898438,581.26904296875,55.27970886230469,0.0,583.5347290039062,635.6824951171875,582.8746337890625,52.80788040161133,0.0
0.014999999664723873,575.7262573242188,576.9268798828125,629.75927734375,576.1223754882812,53.636932373046875,0.0,577.396728515625,629.6818237304688,576.6007080078125,53.08109664916992,0.0
0.017500000074505806,552.6665649414062,573.6978759765625,625.4692993164062,572.7757568359375,52.69354248046875,0.0,573.2083129882812,624.751953125,572.2901611328125,52.4618034362793,0.0
0.019999999552965164,575.2091064453125,570.7756958007812,621.0299682617188,569.7499389648438,51.28001403808594,0.0,569.8741455078125,620.1611328125,568.8479614257812,51.31316375732422,0.0
0.02250000089406967,548.2221069335938,568.3058471679688,616.9862060546875,567.1854248046875,49.80080032348633,0.0,567.016357421875,616.0658569335938,565.8873901367188,50.17849349975586,0.0
0.02500000037252903,536.7061767578125,565.8379516601562,613.8342895507812,564.6072998046875,49.22700881958008,0.0,564.5157470703125,612.7672119140625,563.2784423828125,49.48879623413086,0.0
0.027499999850988388,573.4043579101562,563.5186157226562,611.006103515625,562.17578125,48.83033752441406,0.0,561.9007568359375,609.5851440429688,560.5523681640625,49.03279495239258,0.0
0.029999999329447746,535.677490234375,561.5444946289062,608.6865844726562,560.08642578125,48.60015106201172,0.0,559.5806274414062,606.6083374023438,558.126220703125,48.48213577270508,0.0
0.032499998807907104,541.1158447265625,559.9168090820312,605.7115478515625,558.3785400390625,47.33298873901367,0.0,557.6033325195312,604.07177734375,556.042236328125,48.02953338623047,0.0
0.03500000014901161,559.7611694335938,558.202880859375,603.629150390625,556.5553588867188,47.073822021484375,0.0,555.9410400390625,601.7452392578125,554.2797241210938,47.465492248535156,0.0
0.03750000149011612,588.77734375,556.8005981445312,600.9352416992188,555.0811767578125,45.854061126708984,0.0,554.1793823242188,600.0643310546875,552.3916625976562,47.67269515991211,0.0
0.03999999910593033,538.5126342773438,555.473876953125,598.7667236328125,553.6700439453125,45.096649169921875,0.0,552.7254028320312,596.80712890625,550.8887329101562,45.91838455200195,0.0
0.042500000447034836,549.697265625,554.3155517578125,597.0679321289062,552.4179077148438,44.65004348754883,0.0,551.352294921875,595.1340942382812,549.4091186523438,45.724971771240234,0.0
0.04500000178813934,531.858154296875,553.1014404296875,595.4370727539062,551.1065673828125,44.33049011230469,0.0,550.2039794921875,593.0670166015625,548.184326171875,44.88268280029297,0.0
0.04749999940395355,538.3871459960938,552.2509155273438,593.3363647460938,550.2020263671875,43.13435745239258,0.0,548.9252319335938,590.8248291015625,546.835693359375,43.98912048339844,0.0
0.05000000074505806,558.1483764648438,551.2730102539062,591.378173828125,549.1622314453125,42.215919494628906,0.0,547.8843383789062,589.4900512695312,545.6946411132812,43.79539489746094,0.0
0.05249999836087227,567.5237426757812,550.4763793945312,590.6705932617188,548.2493286132812,42.421268463134766,0.0,546.75341796875,587.3153076171875,544.5060424804688,42.809242248535156,0.0
0.054999999701976776,567.7334594726562,549.8970947265625,589.4073486328125,547.5975952148438,41.809722900390625,0.0,545.9523315429688,585.977783203125,543.622802734375,42.35499572753906,0.0
0.057500001043081284,537.4105224609375,549.0055541992188,587.789306640625,546.6394653320312,41.14986038208008,0.0,545.0411987304688,584.5140991210938,542.6331176757812,41.880985260009766,0.0
0.05999999865889549,553.0518798828125,548.2799682617188,586.0758056640625,545.867431640625,40.20835494995117,0.0,544.2783203125,583.0379028320312,541.8042602539062,41.233646392822266,0.0
0.0625,561.83154296875,547.6068725585938,584.6033325195312,545.140380859375,39.46294021606445,0.0,543.4059448242188,581.9808959960938,540.8344116210938,41.14651107788086,0.0
0.06499999761581421,562.2078857421875,547.1972045898438,583.6296997070312,544.6644287109375,38.965274810791016,0.0,542.6639404296875,580.1014404296875,540.0614013671875,40.040035247802734,0.0
0.06750000268220901,513.8143310546875,546.6507568359375,582.8817138671875,544.0281372070312,38.85356140136719,0.0,541.9653930664062,579.0391235351562,539.2819213867188,39.757198333740234,0.0
0.07000000029802322,544.4368896484375,546.22216796875,581.905029296875,543.536376953125,38.3686408996582,0.0,541.2652587890625,577.5924072265625,538.5308227539062,39.06157684326172,0.0
0.07249999791383743,522.3815307617188,545.7294311523438,580.6763305664062,542.9977416992188,37.67859649658203,0.0,540.7655029296875,576.7022705078125,537.956298828125,38.74594497680664,0.0
0.07500000298023224,555.9125366210938,545.1294555664062,579.0570678710938,542.3786010742188,36.678489685058594,0.0,540.1112670898438,575.1310424804688,537.27197265625,37.859066009521484,0.0
0.07750000059604645,540.7001342773438,544.4805908203125,578.334716796875,541.6364135742188,36.698326110839844,0.0,539.5213012695312,574.1148071289062,536.6150512695312,37.499778747558594,0.0
0.07999999821186066,528.1204833984375,544.30859375,576.9711303710938,541.4683837890625,35.50272750854492,0.0,538.919921875,572.969482421875,535.9591674804688,37.01030349731445,0.0
0.08250000327825546,545.3515014648438,543.9148559570312,576.6484375,540.971435546875,35.676998138427734,0.0,538.4356079101562,572.177978515625,535.4015502929688,36.77640914916992,0.0
0.08500000089406967,548.9405517578125,543.410888671875,574.91455078125,540.4843139648438,34.43025207519531,0.0,537.9218139648438,571.00732421875,534.8483276367188,36.15901184082031,0.0
0.08749999850988388,579.910400390625,543.0368041992188,574.6814575195312,540.0023803710938,34.67910385131836,0.0,537.396484375,569.826904296875,534.2867431640625,35.54013442993164,0.0
0.09000000357627869,564.2706909179688,542.8150024414062,573.9721069335938,539.7334594726562,34.23863220214844,0.0,537.0111083984375,569.1524047851562,533.832275390625,35.32014846801758,0.0
0.0925000011920929,548.790771484375,542.470947265625,572.7283935546875,539.3869018554688,33.341495513916016,0.0,536.5438842773438,568.0991821289062,533.3277587890625,34.771419525146484,0.0
0.0949999988079071,524.0031127929688,542.379638671875,572.6880493164062,539.1981201171875,33.48991394042969,0.0,536.1655883789062,567.3443603515625,532.8926391601562,34.45174789428711,0.0
0.09749999642372131,561.1502685546875,541.986572265625,571.859375,538.7593994140625,33.099979400634766,0.0,535.7499389648438,566.5604248046875,532.4214477539062,34.13900375366211,0.0
0.10000000149011612,510.9562072753906,541.5439453125,570.8013916015625,538.2931518554688,32.508270263671875,0.0,535.3504638671875,565.6336669921875,531.98583984375,33.64784622192383,0.0
0.10249999910593033,520.8687744140625,541.4354248046875,570.25390625,538.1441650390625,32.10975646972656,0.0,534.9632568359375,564.72265625,531.5645141601562,33.15815734863281,0.0
0.10499999672174454,540.9847412109375,541.2021484375,569.2557373046875,537.9109497070312,31.344810485839844,0.0,534.5146484375,563.752197265625,531.08447265625,32.66773223876953,0.0
0.10750000178813934,516.8572998046875,540.7235107421875,568.8041381835938,537.3411865234375,31.46295928955078,0.0,534.1611328125,563.2017211914062,530.663330078125,32.53839874267578,0.0
0.10999999940395355,548.5968627929688,540.4640502929688,567.9427490234375,537.0677490234375,30.874982833862305,0.0,533.80419921875,562.5682373046875,530.2490844726562,32.319122314453125,0.0
0.11249999701976776,532.52978515625,540.2066040039062,567.5798950195312,536.7367553710938,30.843130111694336,0.0,533.62744140625,561.9299926757812,530.0399169921875,31.890064239501953,0.0
0.11500000208616257,508.95538330078125,540.058837890625,566.7058715820312,536.59619140625,30.109704971313477,0.0,533.1787109375,561.1459350585938,529.5444946289062,31.601430892944336,0.0
0.11749999970197678,538.3184204101562,540.0870361328125,566.3457641601562,536.5908203125,29.754966735839844,0.0,532.9774169921875,560.4074096679688,529.3251953125,31.082218170166016,0.0
0.11999999731779099,515.6747436523438,539.9669799804688,566.0265502929688,536.4133911132812,29.61318588256836,0.0,532.6613159179688,559.8662719726562,528.9514770507812,30.914775848388672,0.0
0.12250000238418579,510.78546142578125,539.5233764648438,565.3917846679688,535.9121704101562,29.479631423950195,0.0,532.2922973632812,559.0642700195312,528.5546875,30.509584426879883,0.0
0.125,550.7545166015625,539.5936279296875,564.9566040039062,535.9703979492188,28.98619270324707,0.0,532.0773315429688,558.4949340820312,528.303466796875,30.19144058227539,0.0
0.1274999976158142,556.9891967773438,539.2634887695312,564.8890991210938,535.5187377929688,29.3703556060791,0.0,531.77880859375,557.7505493164062,527.9835205078125,29.767032623291016,0.0
0.12999999523162842,517.9955444335938,538.8291625976562,563.5255737304688,535.138916015625,28.386640548706055,0.0,531.4692993164062,557.4935913085938,527.5805053710938,29.91305923461914,0.0
0.13249999284744263,531.2520141601562,538.7081909179688,563.2952880859375,534.952880859375,28.342403411865234,0.0,531.2172241210938,556.795166015625,527.310546875,29.484600067138672,0.0
0.13500000536441803,545.73828125,538.8255004882812,562.9425659179688,535.0615844726562,27.88100814819336,0.0,531.03076171875,556.2645874023438,527.0924072265625,29.17220115661621,0.0
0.13750000298023224,526.7854614257812,538.3994140625,562.1948852539062,534.6060180664062,27.58885955810547,0.0,530.6826782226562,555.4568481445312,526.7330932617188,28.7237548828125,0.0
0.14000000059604645,515.08203125,538.3905029296875,562.09521484375,534.5316162109375,27.563627243041992,0.0,530.5489501953125,555.2019653320312,526.5354614257812,28.666481018066406,0.0
0.14249999821186066,541.2976684570312,538.1959228515625,561.43505859375,534.333984375,27.101049423217773,0.0,530.198974609375,554.5545043945312,526.1515502929688,28.402935028076172,0.0
0.14499999582767487,519.88037109375,538.0579223632812,561.2005615234375,534.133056640625,27.06753158569336,0.0,529.9491577148438,553.8911743164062,525.888671875,28.00252342224121,0.0
0.14749999344348907,560.717041015625,537.7490844726562,560.7547607421875,533.7686157226562,26.986127853393555,0.0,529.817626953125,553.5374145507812,525.7136840820312,27.82370376586914,0.0
0.15000000596046448,536.6370239257812,537.7520751953125,560.112548828125,533.8060913085938,26.306432723999023,0.0,529.5713500976562,552.9947509765625,525.437744140625,27.556991577148438,0.0
0.1525000035762787,574.0036010742188,537.60986328125,559.9179077148438,533.595703125,26.32221031188965,0.0,529.3712158203125,552.5714721679688,525.196533203125,27.374921798706055,0.0
0.1550000011920929,565.2885131835938,537.5299682617188,559.5964965820312,533.4822387695312,26.114240646362305,0.0,529.1702270507812,552.1612548828125,524.952880859375,27.20834732055664,0.0
0.1574999988079071,508.329833984375,537.6898803710938,559.5303955078125,533.6069946289062,25.923419952392578,0.0,528.9702758789062,551.5369873046875,524.75146484375,26.785526275634766,0.0
0.1599999964237213,532.6907348632812,537.2625732421875,558.4511108398438,533.2266845703125,25.22441291809082,0.0,528.7670288085938,551.0958251953125,524.5140991210938,26.58171272277832,0.0
0.16249999403953552,527.746337890625,537.1200561523438,558.4163208007812,532.988037109375,25.428279876708984,0.0,528.606201171875,550.7607421875,524.3076782226562,26.45303726196289,0.0
0.16500000655651093,539.183349609375,537.0472412109375,558.0156860351562,532.9036865234375,25.112022399902344,0.0,528.37255859375,550.3325805664062,524.0330810546875,26.299501419067383,0.0
0.16750000417232513,523.43212890625,536.9696044921875,558.0107421875,532.7361450195312,25.274581909179688,0.0,528.1749877929688,549.8456420898438,523.8147583007812,26.030874252319336,0.0
0.17000000178813934,539.3522338867188,537.0311279296875,557.6351928710938,532.81103515625,24.824146270751953,0.0,528.0611572265625,549.6782836914062,523.6336059570312,26.04466438293457,0.0
0.17249999940395355,526.4779052734375,536.9481201171875,557.6784057617188,532.626708984375,25.05172348022461,0.0,527.9373779296875,549.2142944335938,523.5018920898438,25.712392807006836,0.0
0.17499999701976776,533.2482299804688,537.0206909179688,557.2938232421875,532.720458984375,24.573379516601562,0.0,527.705810546875,548.8751831054688,523.2154541015625,25.659709930419922,0.0
0.17749999463558197,536.3235473632812,536.8889770507812,557.1016845703125,532.5269775390625,24.574735641479492,0.0,527.572021484375,548.438720703125,523.0687866210938,25.36990737915039,0.0
0.18000000715255737,537.6644287109375,536.7387084960938,556.787841796875,532.337646484375,24.450206756591797,0.0,527.3072509765625,547.9976806640625,522.7653198242188,25.232343673706055,0.0
0.18250000476837158,543.0484008789062,536.6694946289062,556.4857177734375,532.2457275390625,24.239973068237305,0.0,527.1874389648438,547.7252197265625,522.6025390625,25.122692108154297,0.0
0.1850000023841858,497.1957092285156,536.592529296875,555.8270263671875,532.2263793945312,23.600618362426758,0.0,527.0911254882812,547.485595703125,522.4617919921875,25.023775100708008,0.0
0.1875,531.5680541992188,536.4784545898438,556.0315551757812,531.9661865234375,24.065364837646484,0.0,527.0562744140625,547.1076049804688,522.4292602539062,24.678348541259766,0.0
0.1899999976158142,519.5131225585938,536.4482421875,555.786376953125,531.9121704101562,23.874225616455078,0.0,526.8110961914062,547.028076171875,522.0687866210938,24.95926856994629,0.0
0.19249999523162842,514.9688110351562,536.341552734375,555.4130859375,531.7951049804688,23.61800193786621,0.0,526.6567993164062,546.42431640625,521.9445190429688,24.479766845703125,0.0
0.19499999284744263,538.5143432617188,536.4661865234375,555.4173583984375,531.8755493164062,23.541826248168945,0.0,526.5938720703125,546.3490600585938,521.8082885742188,24.540790557861328,0.0
0.19750000536441803,526.3715209960938,536.2530517578125,554.9716186523438,531.6464233398438,23.32516860961914,0.0,526.3908081054688,545.8916625976562,521.5914916992188,24.300188064575195,0.0
0.20000000298023224,521.4185180664062,536.453125,554.8482666015625,531.8543090820312,22.993932723999023,0.0,526.2764282226562,545.5443725585938,521.4595947265625,24.084758758544922,0.0
0.20250000059604645,507.17236328125,536.16455078125,554.5877075195312,531.4866333007812,23.101093292236328,0.0,526.2597045898438,545.506591796875,521.3724975585938,24.134124755859375,0.0
0.20499999821186066,532.0506591796875,536.1881103515625,554.5855102539062,531.444091796875,23.141414642333984,0.0,526.0956420898438,545.03564453125,521.2117309570312,23.823930740356445,0.0
0.20749999582767487,520.6528930664062,536.172607421875,554.4298706054688,531.3922119140625,23.03768539428711,0.0,525.9262084960938,544.8517456054688,520.9710083007812,23.880712509155273,0.0
0.20999999344348907,528.1605224609375,535.9765014648438,554.402099609375,531.07861328125,23.323495864868164,0.0,525.9267578125,544.7286987304688,520.9288940429688,23.799808502197266,0.0
0.21250000596046448,517.923828125,536.1094970703125,553.9265747070312,531.3016357421875,22.624940872192383,0.0,525.781005859375,544.374755859375,520.763671875,23.61107063293457,0.0
0.2150000035762787,514.790771484375,536.1436157226562,553.9011840820312,531.2799682617188,22.621198654174805,0.0,525.7359008789062,544.279541015625,520.6571655273438,23.62236785888672,0.0
0.2175000011920929,510.43414306640625,536.0110473632812,553.7272338867188,531.0867919921875,22.64044189453125,0.0,525.4844970703125,543.7860107421875,520.3974609375,23.3885440826416,0.0
0.2199999988079071,533.5144653320312,536.2467041015625,553.9745483398438,531.24658203125,22.727994918823242,0.0,525.4743041992188,543.7489013671875,520.3199462890625,23.428966522216797,0.0
0.2224999964237213,564.87744140625,536.0189819335938,553.5535278320312,531.0010375976562,22.5524959564209,0.0,525.5679321289062,543.7708129882812,520.3587036132812,23.41212272644043,0.0
0.22499999403953552,527.9384765625,536.1181030273438,553.7301025390625,531.0049438476562,22.725162506103516,0.0,525.2823486328125,543.3204345703125,520.0454711914062,23.274959564208984,0.0
0.22750000655651093,523.5448608398438,535.9237060546875,553.2014770507812,530.8353881835938,22.36611557006836,0.0,525.1854248046875,543.097900390625,519.910400390625,23.1874942779541,0.0
0.23000000417232513,525.8414306640625,536.0572509765625,553.4290161132812,530.8682250976562,22.5607852935791,0.0,525.1563110351562,542.9949951171875,519.8279418945312,23.167081832885742,0.0
0.23250000178813934,528.93798828125,535.8074951171875,553.0230712890625,530.5924682617188,22.43059730529785,0.0,525.0904541015625,542.7517700195312,519.7403564453125,23.011396408081055,0.0
0.23499999940395355,507.5125732421875,535.9381103515625,552.764892578125,530.7691650390625,21.995744705200195,0.0,525.1316528320312,542.7622680664062,519.7159423828125,23.046327590942383,0.0
0.23749999701976776,534.2127075195312,535.9776611328125,552.9291381835938,530.69775390625,22.231393814086914,0.0,525.0966186523438,542.6266479492188,519.6366577148438,22.989980697631836,0.0
0.23999999463558197,537.0528564453125,535.9736938476562,552.8515014648438,530.6439819335938,22.2075252532959,0.0,524.8379516601562,542.1775512695312,519.3621826171875,22.81536293029785,0.0
0.24250000715255737,520.8890380859375,535.7988891601562,552.510009765625,530.4491577148438,22.060840606689453,0.0,524.9694213867188,542.318603515625,519.4152221679688,22.903404235839844,0.0
0.24500000476837158,537.8658447265625,536.1483764648438,552.7030029296875,530.7763671875,21.9266414642334,0.0,524.9197998046875,542.1734619140625,519.321044921875,22.852418899536133,0.0
0.2475000023841858,542.51025390625,535.7486572265625,552.1891479492188,530.34130859375,21.847867965698242,0.0,524.716064453125,541.7737426757812,519.1056518554688,22.66806983947754,0.0
0.25,529.79150390625,536.06103515625,552.3917236328125,530.6174926757812,21.774227142333984,0.0,524.7311401367188,541.7611083984375,519.054443359375,22.70667839050293,0.0
0.2524999976158142,516.3348999023438,536.2691650390625,552.6636352539062,530.7312622070312,21.932401657104492,0.0,524.777099609375,541.6309814453125,519.0839233398438,22.54703140258789,0.0
0.2549999952316284,523.5057983398438,536.04248046875,552.3219604492188,530.4703369140625,21.851652145385742,0.0,524.5053100585938,541.2649536132812,518.7686157226562,22.49633026123047,0.0
0.2574999928474426,563.1371459960938,536.0060424804688,552.0093994140625,530.4561157226562,21.553258895874023,0.0,524.6112670898438,541.3995361328125,518.7890625,22.61050033569336,0.0
0.25999999046325684,539.121337890625,535.9575805664062,551.9620971679688,530.3343505859375,21.627763748168945,0.0,524.4677734375,541.0387573242188,518.6455078125,22.393239974975586,0.0
0.26249998807907104,509.5489807128906,536.1007080078125,551.8471069335938,530.4961547851562,21.35092544555664,0.0,524.4281616210938,540.81884765625,518.59423828125,22.224611282348633,0.0
0.26499998569488525,508.76708984375,536.0020751953125,551.81787109375,530.2998046875,21.518051147460938,0.0,524.404296875,540.6895751953125,518.53271484375,22.1568660736084,0.0
0.26750001311302185,497.8458251953125,536.0729370117188,551.9613647460938,530.270751953125,21.690641403198242,0.0,524.4873046875,540.7235107421875,518.5580444335938,22.16547393798828,0.0
0.27000001072883606,551.2689819335938,536.1258544921875,551.959228515625,530.269775390625,21.689430236816406,0.0,524.3182983398438,540.5477294921875,518.3158569335938,22.231874465942383,0.0
0.27250000834465027,523.29296875,536.1074829101562,551.6905517578125,530.2704467773438,21.420120239257812,0.0,524.3685913085938,540.4328002929688,518.3515014648438,22.0812931060791,0.0
0.2750000059604645,535.6607666015625,536.0838012695312,551.3818359375,530.2811279296875,21.100685119628906,0.0,524.1994018554688,540.1814575195312,518.1372680664062,22.04419708251953,0.0
0.2775000035762787,534.1655883789062,536.1741333007812,551.3983154296875,530.3268432617188,21.071487426757812,0.0,524.1476440429688,539.9653930664062,518.072265625,21.89313316345215,0.0
0.2800000011920929,542.8143310546875,536.3079223632812,551.6837768554688,530.3285522460938,21.355220794677734,0.0,524.1844482421875,539.978515625,518.0421752929688,21.936315536499023,0.0
0.2824999988079071,520.37353515625,536.3124389648438,551.5057373046875,530.3304443359375,21.175283432006836,0.0,524.2673950195312,540.0828857421875,518.0404052734375,22.042469024658203,0.0
0.2849999964237213,540.408935546875,536.1778564453125,551.2676391601562,530.1629638671875,21.104703903198242,0.0,524.1776123046875,539.8018188476562,517.94970703125,21.852115631103516,0.0
0.2874999940395355,521.5545654296875,536.32568359375,551.1937255859375,530.3263549804688,20.867355346679688,0.0,524.0859985351562,539.6085205078125,517.8226318359375,21.785919189453125,0.0
0.28999999165534973,515.192138671875,536.2353515625,551.1063842773438,530.1612548828125,20.945133209228516,0.0,523.9778442382812,539.3102416992188,517.7153930664062,21.59484100341797,0.0
0.29249998927116394,520.0064697265625,536.2257080078125,551.0576171875,530.0938110351562,20.96379852294922,0.0,524.1188354492188,539.4268798828125,517.7901000976562,21.636789321899414,0.0
0.29499998688697815,522.8993530273438,536.3478393554688,551.1602783203125,530.1497802734375,21.010478973388672,0.0,523.9452514648438,539.1387329101562,517.5875854492188,21.551172256469727,0.0
0.29750001430511475,539.9026489257812,536.098876953125,550.7685546875,529.8864135742188,20.882169723510742,0.0,523.8577270507812,538.9327392578125,517.4735717773438,21.45916175842285,0.0
0.30000001192092896,574.1961669921875,536.3618774414062,550.8081665039062,530.1705932617188,20.637601852416992,0.0,523.9133911132812,538.93017578125,517.4774780273438,21.452674865722656,0.0
0.30250000953674316,546.4058227539062,536.7263793945312,551.1897583007812,530.4537963867188,20.73594856262207,0.0,523.7643432617188,538.626220703125,517.31884765625,21.307342529296875,0.0
0.3050000071525574,523.4103393554688,536.3514404296875,550.64697265625,530.0777587890625,20.569231033325195,0.0,523.9005126953125,538.7281494140625,517.3934326171875,21.33470344543457,0.0
0.3075000047683716,532.3040161132812,536.4288940429688,550.751953125,530.06884765625,20.68309783935547,0.0,523.8919677734375,538.6480102539062,517.33984375,21.30815887451172,0.0
0.3100000023841858,513.2012939453125,536.4762573242188,550.3667602539062,530.2356567382812,20.131120681762695,0.0,523.8687744140625,538.552734375,517.2716064453125,21.281110763549805,0.0
0.3125,520.8722534179688,536.4370727539062,550.3361206054688,530.119384765625,20.216747283935547,0.0,523.7113647460938,538.2288818359375,517.1124267578125,21.116470336914062,0.0
0.3149999976158142,549.302734375,536.5211181640625,550.4680786132812,530.1074829101562,20.3605899810791,0.0,523.998779296875,538.5158081054688,517.3232421875,21.192550659179688,0.0
0.3174999952316284,497.3371887207031,536.442138671875,550.1103515625,530.0835571289062,20.02678680419922,0.0,523.7631225585938,538.1917724609375,517.0509033203125,21.140888214111328,0.0
0.3199999928474426,510.1553955078125,536.7155151367188,550.6673583984375,530.14990234375,20.51748275756836,0.0,523.7920532226562,538.036865234375,517.0885009765625,20.948368072509766,0.0
0.32249999046325684,540.739990234375,536.7705688476562,550.39501953125,530.2850341796875,20.109956741333008,0.0,523.7022705078125,537.9005737304688,516.9436645507812,20.956933975219727,0.0
0.32499998807907104,531.7779541015625,536.8792724609375,550.6050415039062,530.2705688476562,20.3344669342041,0.0,523.6984252929688,537.8204956054688,516.8987426757812,20.921754837036133,0.0
0.32749998569488525,527.0211791992188,536.8670654296875,550.6882934570312,530.1362915039062,20.552021026611328,0.0,523.8936157226562,538.0330810546875,517.0076904296875,21.02538299560547,0.0
0.33000001311302185,544.50244140625,536.599609375,550.0010375976562,529.9989013671875,20.002145767211914,0.0,523.6287841796875,537.5313720703125,516.7811889648438,20.75018882751465,0.0
0.33250001072883606,546.8731079101562,536.7597045898438,550.2648315429688,530.0323486328125,20.232511520385742,0.0,523.6739501953125,537.5192260742188,516.7774658203125,20.741748809814453,0.0
0.33500000834465027,526.9474487304688,536.95849609375,550.1212768554688,530.32763671875,19.79364013671875,0.0,523.5933837890625,537.3982543945312,516.6389770507812,20.7592716217041,0.0
0.3375000059604645,496.82720947265625,536.8519897460938,550.0064086914062,530.1508178710938,19.85557746887207,0.0,523.5789794921875,537.1243286132812,516.6785278320312,20.445785522460938,0.0
0.3400000035762787,549.6910400390625,537.1189575195312,550.2188110351562,530.3704223632812,19.848407745361328,0.0,523.6334838867188,537.2518920898438,516.6179809570312,20.633882522583008,0.0
0.3425000011920929,517.8175048828125,537.0185546875,549.8955688476562,530.310791015625,19.58475685119629,0.0,523.6427001953125,537.0983276367188,516.6334838867188,20.464839935302734,0.0
0.3449999988079071,543.3636474609375,537.0089111328125,550.02294921875,530.1542358398438,19.868688583374023,0.0,523.5960693359375,536.932861328125,516.5712280273438,20.361621856689453,0.0
0.3474999964237213,546.8091430664062,537.0172119140625,549.8484497070312,530.1837158203125,19.66474151611328,0.0,523.6347045898438,536.939697265625,516.5489501953125,20.390777587890625,0.0
0.3499999940395355,533.9252319335938,537.3447875976562,550.21875,530.4126586914062,19.80610466003418,0.0,523.6416625976562,536.8812255859375,516.5125122070312,20.368711471557617,0.0
0.35249999165534973,534.2420043945312,537.2254638671875,549.8580932617188,530.3483276367188,19.509767532348633,0.0,523.661865234375,536.8169555664062,516.5003051757812,20.316665649414062,0.0
0.35499998927116394,509.7756652832031,537.1714477539062,549.933349609375,530.1474609375,19.78591537475586,0.0,523.7505493164062,536.9110717773438,516.5070190429688,20.40403175354004,0.0
0.35749998688697815,527.1216430664062,537.3079223632812,549.9705200195312,530.2621459960938,19.708349227905273,0.0,523.6318359375,536.66162109375,516.3817138671875,20.279884338378906,0.0
0.36000001430511475,542.4625244140625,537.174560546875,549.3097534179688,530.3485717773438,18.961181640625,0.0,523.7134399414062,536.6417236328125,516.441162109375,20.2005672454834,0.0
0.36250001192092896,522.8073120117188,537.4456787109375,549.9319458007812,530.3455810546875,19.58637237548828,0.0,523.6376953125,536.5255126953125,516.3092041015625,20.216310501098633,0.0
0.36500000953674316,499.5982666015625,537.4765625,549.62744140625,530.4923095703125,19.1351375579834,0.0,523.7103271484375,536.5924072265625,516.3055419921875,20.286867141723633,0.0
0.3675000071525574,538.8579711914062,537.5067749023438,549.7134399414062,530.414306640625,19.299118041992188,0.0,523.5038452148438,536.2018432617188,516.1259765625,20.075862884521484,0.0
0.3700000047683716,531.7510375976562,537.4517211914062,549.4375610351562,530.4124145507812,19.025171279907227,0.0,523.4033203125,535.947265625,516.0363159179688,19.910930633544922,0.0
0.3725000023841858,515.7246704101562,537.4779052734375,549.3893432617188,530.406982421875,18.982372283935547,0.0,523.485595703125,536.0540771484375,516.0245361328125,20.029539108276367,0.0
0.375,507.8511047363281,537.4772338867188,549.5709228515625,530.220947265625,19.34994888305664,0.0,523.6351318359375,536.092041015625,516.1610717773438,19.93095588684082,0.0
0.3774999976158142,524.51904296875,537.5235595703125,549.5779418945312,530.2135620117188,19.364364624023438,0.0,523.5733642578125,535.9669799804688,516.0572509765625,19.909740447998047,0.0
0.3799999952316284,516.4292602539062,537.5023803710938,549.3323364257812,530.251708984375,19.080604553222656,0.0,523.6959838867188,535.9925537109375,516.1592407226562,19.833284378051758,0.0
0.3824999928474426,522.4177856445312,537.6062622070312,549.3262329101562,530.3464965820312,18.97972869873047,0.0,523.4939575195312,535.68212890625,515.9442749023438,19.737865447998047,0.0
0.38499999046325684,551.4783935546875,537.5562133789062,549.0581665039062,530.3558349609375,18.702333450317383,0.0,523.4493408203125,535.47607421875,515.9205932617188,19.555471420288086,0.0
0.38749998807907104,522.4502563476562,537.6283569335938,549.2206420898438,530.29443359375,18.926189422607422,0.0,523.6482543945312,535.6961059570312,516.0258178710938,19.67026138305664,0.0
0.38999998569488525,521.2449951171875,537.577880859375,549.0594482421875,530.2371215820312,18.822349548339844,0.0,523.6355590820312,535.64892578125,515.9548950195312,19.694049835205078,0.0
0.39250001311302185,509.1324768066406,537.7578735351562,549.2157592773438,530.3551025390625,18.860641479492188,0.0,523.4893188476562,535.403076171875,515.7920532226562,19.611003875732422,0.0
0.39500001072883606,552.554443359375,537.85986328125,549.1298217773438,530.5018310546875,18.627979278564453,0.0,523.5145874023438,535.3131103515625,515.8115234375,19.501583099365234,0.0
0.39750000834465027,511.2981872558594,537.9418334960938,549.295654296875,530.4511108398438,18.84453773498535,0.0,523.5931396484375,535.30615234375,515.8653564453125,19.440820693969727,0.0
0.4000000059604645,542.0971069335938,537.7411499023438,548.8839721679688,530.3126831054688,18.571266174316406,0.0,523.4603881835938,535.0886840820312,515.7081298828125,19.380537033081055,0.0
0.4025000035762787,518.4992065429688,537.8800048828125,549.0013427734375,530.3882446289062,18.613126754760742,0.0,523.4608154296875,535.0271606445312,515.669189453125,19.35796356201172,0.0
0.4050000011920929,508.9125061035156,537.9893188476562,549.0386352539062,530.4683227539062,18.570295333862305,0.0,523.5344848632812,535.0142822265625,515.7205200195312,19.293737411499023,0.0
0.4074999988079071,502.66656494140625,538.0336303710938,549.1551513671875,530.384521484375,18.770652770996094,0.0,523.4944458007812,534.8740234375,515.6681518554688,19.205873489379883,0.0
0.4099999964237213,506.46533203125,537.7549438476562,548.6206665039062,530.2042846679688,18.416372299194336,0.0,523.5187377929688,534.9108276367188,515.602294921875,19.308513641357422,0.0
0.4124999940395355,507.8373107910156,538.1065063476562,548.8985595703125,530.529052734375,18.369508743286133,0.0,523.486572265625,534.8204956054688,515.5286254882812,19.2918758392334,0.0
0.41499999165534973,529.0789794921875,537.9951782226562,548.6361083984375,530.4465942382812,18.189512252807617,0.0,523.546875,534.7122192382812,515.626220703125,19.086027145385742,0.0
0.41749998927116394,546.5018920898438,538.2128295898438,548.7242431640625,530.6788330078125,18.04543113708496,0.0,523.4728393554688,534.5480346679688,515.5346069335938,19.013399124145508,0.0
0.41999998688697815,516.2560424804688,538.22607421875,548.8300170898438,530.5473022460938,18.28271484375,0.0,523.4812622070312,534.5199584960938,515.4876708984375,19.032258987426758,0.0
0.42250001430511475,527.553955078125,538.242431640625,548.7012939453125,530.5906372070312,18.110668182373047,0.0,523.5361328125,534.5052490234375,515.5110473632812,18.99420928955078,0.0
0.42500001192092896,518.56005859375,538.4061279296875,548.934814453125,530.6240234375,18.31081771850586,0.0,523.6766357421875,534.6834716796875,515.5411376953125,19.14234733581543,0.0
0.42750000953674316,527.4137573242188,538.2658081054688,548.533447265625,530.5987548828125,17.934663772583008,0.0,523.53466796875,534.402587890625,515.4195556640625,18.9830322265625,0.0
0.4300000071525574,509.3779602050781,538.2391357421875,548.47705078125,530.5156860351562,17.96133804321289,0.0,523.4666748046875,534.241943359375,515.3377685546875,18.9041748046875,0.0
0.4325000047683716,525.1419067382812,538.2220458984375,548.3158569335938,530.5293579101562,17.786483764648438,0.0,523.651611328125,534.3630981445312,515.48828125,18.87482452392578,0.0
0.4350000023841858,533.038330078125,538.4818725585938,548.6744995117188,530.6344604492188,18.04002571105957,0.0,523.4429321289062,533.9965209960938,515.3174438476562,18.679092407226562,0.0
0.4375,540.3257446289062,538.2572631835938,548.3018188476562,530.4447631835938,17.857032775878906,0.0,523.5328369140625,534.097900390625,515.3154907226562,18.782411575317383,0.0
0.4399999976158142,523.3005981445312,538.3009033203125,548.2614135742188,530.4746704101562,17.786741256713867,0.0,523.6297607421875,534.0934448242188,515.4082641601562,18.685195922851562,0.0
0.4424999952316284,546.4828491210938,538.5458984375,548.6256713867188,530.5455322265625,18.08014678955078,0.0,523.5968017578125,533.9677124023438,515.3650512695312,18.60267448425293,0.0
0.4449999928474426,528.7484741210938,538.4326782226562,548.3243408203125,530.5015869140625,17.82273292541504,0.0,523.6099853515625,533.98876953125,515.2882690429688,18.700515747070312,0.0
0.44749999046325684,517.3218383789062,538.64794921875,548.5418701171875,530.6343383789062,17.907508850097656,0.0,523.5008544921875,533.7919921875,515.1654663085938,18.62653160095215,0.0
0.44999998807907104,537.166259765625,538.697265625,548.5888671875,530.6039428710938,17.98495101928711,0.0,523.5081176757812,533.6652221679688,515.1975708007812,18.4676456451416,0.0
0.45249998569488525,498.49261474609375,538.7998046875,548.427978515625,530.8422241210938,17.585763931274414,0.0,523.5556640625,533.7025756835938,515.169677734375,18.532873153686523,0.0
0.45500001311302185,505.42889404296875,538.7753295898438,548.468017578125,530.6832885742188,17.784727096557617,0.0,523.8916625976562,533.9259033203125,515.5144653320312,18.411455154418945,0.0
0.45750001072883606,520.0279541015625,538.7876586914062,548.2682495117188,530.79248046875,17.475765228271484,0.0,523.8895874023438,533.916259765625,515.433837890625,18.482404708862305,0.0
0.46000000834465027,537.4370727539062,538.6021118164062,548.2256469726562,530.4042358398438,17.821420669555664,0.0,523.8079833984375,533.7872314453125,515.3070678710938,18.480180740356445,0.0
0.4625000059604645,547.4945678710938,538.96728515625,548.3359375,530.906005859375,17.429935455322266,0.0,523.6182250976562,533.4813842773438,515.1314086914062,18.349973678588867,0.0
0.4650000035762787,501.3659973144531,538.5804443359375,547.9450073242188,530.4410400390625,17.503948211669922,0.0,523.7254028320312,533.5272827148438,515.2059326171875,18.321352005004883,0.0
0.4675000011920929,521.9116821289062,539.0120239257812,548.2074584960938,530.9390258789062,17.268449783325195,0.0,523.7061157226562,533.4527587890625,515.1491088867188,18.303619384765625,0.0
0.4699999988079071,529.1015625,538.9287719726562,548.0914916992188,530.8032836914062,17.288183212280273,0.0,523.6586303710938,533.2830200195312,515.1240844726562,18.158958435058594,0.0
0.4724999964237213,549.2306518554688,538.87109375,547.9609375,530.72900390625,17.231958389282227,0.0,523.6939086914062,533.2799072265625,515.1076049804688,18.172298431396484,0.0
0.4749999940395355,517.8662719726562,539.0305786132812,548.0352783203125,530.883544921875,17.15175437927246,0.0,523.877197265625,533.4248046875,515.2389526367188,18.18586540222168,0.0
0.47749999165534973,535.0379638671875,539.084228515625,548.212646484375,530.7418823242188,17.470773696899414,0.0,523.7361450195312,533.1624755859375,515.1217651367188,18.04070281982422,0.0
0.47999998927116394,538.866943359375,538.91845703125,547.8367309570312,530.6862182617188,17.150522232055664,0.0,523.7449340820312,533.1314086914062,515.08056640625,18.050819396972656,0.0
0.48249998688697815,497.6496887207031,538.8776245117188,547.6443481445312,530.70361328125,16.94072723388672,0.0,523.6930541992188,532.9937744140625,515.0215454101562,17.972230911254883,0.0
0.48500001430511475,521.9466552734375,539.1046142578125,547.8267211914062,530.8905029296875,16.936206817626953,0.0,523.764892578125,533.0419921875,515.0282592773438,18.01373291015625,0.0
0.48750001192092896,510.7191467285156,539.4268798828125,548.1804809570312,531.1004028320312,17.080097198486328,0.0,523.8023071289062,532.9963989257812,515.0565795898438,17.939838409423828,0.0
0.49000000953674316,543.119140625,539.1337890625,547.931884765625,530.6809692382812,17.250925064086914,0.0,523.6636352539062,532.7577514648438,514.9263916015625,17.83135223388672,0.0
0.4925000071525574,518.3001098632812,539.0603637695312,547.7205810546875,530.656005859375,17.064579010009766,0.0,523.787109375,532.879150390625,514.9638061523438,17.915313720703125,0.0
0.4950000047683716,500.80633544921875,539.1295166015625,547.7694702148438,530.6607055664062,17.10879135131836,0.0,523.7117919921875,532.741943359375,514.8602905273438,17.881668090820312,0.0
0.4975000023841858,546.1544189453125,539.302734375,547.7694091796875,530.92041015625,16.849010467529297,0.0,523.8936157226562,532.8494873046875,515.0269165039062,17.82256317138672,0.0
0.5,516.3028564453125,539.3976440429688,547.8402099609375,530.9552001953125,16.884992599487305,0.0,523.8914794921875,532.6907958984375,515.0922241210938,17.598581314086914,0.0
0.5024999976158142,508.3938903808594,539.4373168945312,547.8901977539062,530.8993530273438,16.990827560424805,0.0,523.883056640625,532.7520141601562,514.9249877929688,17.827045440673828,0.0
0.5049999952316284,514.5036010742188,539.5241088867188,547.8976440429688,530.9812622070312,16.916383743286133,0.0,524.0360107421875,532.829833984375,515.0646362304688,17.765167236328125,0.0
0.5074999928474426,526.224853515625,539.58740234375,547.7986450195312,531.1260375976562,16.672595977783203,0.0,523.7367553710938,532.414794921875,514.7943725585938,17.620393753051758,0.0
0.5099999904632568,525.6290893554688,539.6550903320312,547.964599609375,531.006591796875,16.957977294921875,0.0,523.8189086914062,532.4251098632812,514.8610229492188,17.564104080200195,0.0
0.512499988079071,533.5148315429688,539.5955200195312,547.774658203125,530.9969482421875,16.777679443359375,0.0,523.8883056640625,532.3982543945312,514.942138671875,17.456144332885742,0.0
0.5149999856948853,511.80474853515625,539.6875610351562,547.7099609375,531.1688842773438,16.541059494018555,0.0,523.9038696289062,532.3917236328125,514.890869140625,17.500852584838867,0.0
0.5174999833106995,541.5601806640625,539.7173461914062,547.78515625,531.0643920898438,16.720735549926758,0.0,524.0689697265625,532.5112915039062,515.01416015625,17.497140884399414,0.0
0.5199999809265137,530.5157470703125,539.7289428710938,547.652587890625,531.1448974609375,16.507661819458008,0.0,523.7861328125,532.13525390625,514.7413940429688,17.393836975097656,0.0
0.5224999785423279,531.4934692382812,539.474609375,547.3863525390625,530.8172607421875,16.569063186645508,0.0,523.8663940429688,532.1514892578125,514.80029296875,17.351179122924805,0.0
0.5249999761581421,518.9464721679688,539.9050903320312,547.7463989257812,531.2384643554688,16.507963180541992,0.0,523.9998779296875,532.2945556640625,514.83203125,17.4625301361084,0.0
0.5274999737739563,515.8378295898438,539.7501831054688,547.6212768554688,530.9630737304688,16.658212661743164,0.0,523.982177734375,532.1639404296875,514.847900390625,17.316028594970703,0.0
0.5299999713897705,510.43939208984375,539.9696655273438,547.699951171875,531.2525634765625,16.447416305541992,0.0,523.9476928710938,532.1009521484375,514.7534790039062,17.347484588623047,0.0
0.5325000286102295,533.7681274414062,540.0379638671875,547.6403198242188,531.378662109375,16.26164436340332,0.0,523.9302978515625,532.032958984375,514.7010498046875,17.33189582824707,0.0
0.5350000262260437,497.0119934082031,539.8694458007812,547.4986572265625,531.0916748046875,16.406991958618164,0.0,523.9999389648438,531.9739990234375,514.8253173828125,17.14867401123047,0.0
0.5375000238418579,524.4049072265625,539.7700805664062,547.5235595703125,530.75927734375,16.764293670654297,0.0,524.0662841796875,532.0366821289062,514.8033447265625,17.233352661132812,0.0
0.5400000214576721,514.4131469726562,540.1708984375,547.6812744140625,531.3541870117188,16.327116012573242,0.0,524.0616455078125,531.9902954101562,514.7539672851562,17.23630714416504,0.0
0.5425000190734863,505.6346130371094,540.141845703125,547.7117919921875,531.16552734375,16.546253204345703,0.0,524.0755615234375,531.9069213867188,514.7890625,17.11786651611328,0.0
0.5450000166893005,521.0706176757812,539.8811645507812,547.1644897460938,531.1570434570312,16.00741958618164,0.0,523.8997192382812,531.6820068359375,514.5778198242188,17.10421371459961,0.0
0.5475000143051147,539.97314453125,540.5554809570312,548.0236206054688,531.51953125,16.50406265258789,0.0,524.064208984375,531.7770385742188,514.7316284179688,17.045385360717773,0.0
0.550000011920929,515.4083862304688,539.994140625,547.1395263671875,531.2608642578125,15.878647804260254,0.0,524.1754150390625,531.822265625,514.8294677734375,16.992826461791992,0.0
0.5525000095367432,517.8170166015625,540.1751708984375,547.2850952148438,531.3971557617188,15.887910842895508,0.0,524.1240844726562,531.6671142578125,514.8110961914062,16.856037139892578,0.0
0.5550000071525574,537.4419555664062,540.1360473632812,547.3970336914062,531.0802612304688,16.316757202148438,0.0,524.0476684570312,531.5502319335938,514.6902465820312,16.859968185424805,0.0
0.5575000047683716,513.6658935546875,540.123046875,547.1736450195312,531.2401123046875,15.933518409729004,0.0,524.0281982421875,531.5084838867188,514.6035766601562,16.904935836791992,0.0
0.5600000023841858,531.8466796875,540.3516235351562,547.3864135742188,531.3984375,15.987984657287598,0.0,524.0864868164062,531.5216674804688,514.623779296875,16.897912979125977,0.0
0.5625,529.1795654296875,540.3980712890625,547.3619384765625,531.444580078125,15.917384147644043,0.0,524.0121459960938,531.3822021484375,514.5364379882812,16.84575080871582,0.0
0.5649999976158142,547.3711547851562,540.2027587890625,547.0593872070312,531.2970581054688,15.76233959197998,0.0,523.992919921875,531.2517700195312,514.5647583007812,16.68701171875,0.0
0.5674999952316284,511.70281982421875,540.2445678710938,547.0348510742188,531.334716796875,15.700156211853027,0.0,524.1524658203125,531.411376953125,514.6279296875,16.783418655395508,0.0
0.5699999928474426,522.0037841796875,540.477783203125,547.3233642578125,531.4033813476562,15.919971466064453,0.0,523.9636840820312,531.101318359375,514.50244140625,16.598852157592773,0.0
0.5724999904632568,506.7249450683594,540.4055786132812,547.1366577148438,531.391357421875,15.74531364440918,0.0,524.168212890625,531.2911987304688,514.6292724609375,16.66191291809082,0.0
0.574999988079071,511.1349182128906,540.4904174804688,547.209716796875,531.3997192382812,15.809967041015625,0.0,524.007568359375,531.08203125,514.4359741210938,16.64607048034668,0.0
0.5774999856948853,539.7005004882812,540.47509765625,547.1265869140625,531.3834838867188,15.743118286132812,0.0,524.047607421875,531.0156860351562,514.5231323242188,16.492542266845703,0.0
0.5799999833106995,500.90887451171875,540.4080810546875,546.88232421875,531.467529296875,15.414780616760254,0.0,524.1648559570312,531.0980834960938,514.5904541015625,16.507617950439453,0.0
0.5824999809265137,541.6497192382812,540.762939453125,547.236328125,531.7312622070312,15.505093574523926,0.0,524.2760620117188,531.1967163085938,514.6206665039062,16.576021194458008,0.0
0.5849999785423279,493.302978515625,540.5008544921875,547.0245361328125,531.304931640625,15.719635009765625,0.0,524.2256469726562,531.0723266601562,514.574462890625,16.49788475036621,0.0
0.5874999761581421,509.6521301269531,540.8505249023438,547.2581787109375,531.7243041992188,15.53385066986084,0.0,524.1666259765625,530.9249267578125,514.5407104492188,16.38420867919922,0.0
0.5899999737739563,505.0285949707031,540.9456787109375,547.3120727539062,531.7843627929688,15.527729034423828,0.0,524.3124389648438,531.0227661132812,514.656005859375,16.36676788330078,0.0
0.5924999713897705,535.2047119140625,540.6380004882812,546.944580078125,531.4682006835938,15.476384162902832,0.0,524.260986328125,530.95263671875,514.5318603515625,16.420774459838867,0.0
0.5950000286102295,500.2149658203125,540.6805419921875,546.8955688476562,531.5494995117188,15.346088409423828,0.0,524.1724243164062,530.7915649414062,514.4481201171875,16.343421936035156,0.0
0.5975000262260437,559.3909301757812,540.9685668945312,547.243408203125,531.6538696289062,15.58954906463623,0.0,524.262451171875,530.8049926757812,514.5501708984375,16.254793167114258,0.0
0.6000000238418579,534.4019165039062,540.8280029296875,547.1251831054688,531.3822021484375,15.743005752563477,0.0,524.22265625,530.7160034179688,514.4826049804688,16.233388900756836,0.0
0.6025000214576721,514.2623291015625,540.9097290039062,546.9683837890625,531.7267456054688,15.241657257080078,0.0,524.3176879882812,530.7882690429688,514.5100708007812,16.27817726135254,0.0
0.6050000190734863,507.894775390625,540.7850952148438,546.8363647460938,531.5167236328125,15.31964111328125,0.0,524.3598022460938,530.7875366210938,514.5147705078125,16.272789001464844,0.0
0.6075000166893005,515.8756103515625,541.04833984375,547.2063598632812,531.5171508789062,15.689229011535645,0.0,524.4011840820312,530.782470703125,514.5245361328125,16.25796127319336,0.0
0.6100000143051147,535.4347534179688,540.96728515625,546.9281005859375,531.6439208984375,15.284171104431152,0.0,524.3466186523438,530.6658935546875,514.4625854492188,16.203338623046875,0.0
0.612500011920929,522.5831909179688,541.03076171875,547.0545654296875,531.5093383789062,15.54525089263916,0.0,524.4624633789062,530.7525024414062,514.5200805664062,16.23244285583496,0.0
0.6150000095367432,528.071533203125,541.2337646484375,547.043212890625,531.9537353515625,15.089481353759766,0.0,524.2985229492188,530.522216796875,514.3567504882812,16.16547966003418,0.0
0.6175000071525574,532.1265258789062,541.149658203125,546.9494018554688,531.7866821289062,15.16273021697998,0.0,524.4938354492188,530.6296997070312,514.5880737304688,16.041654586791992,0.0
0.6200000047683716,510.946533203125,540.9266357421875,546.614501953125,531.6461791992188,14.968331336975098,0.0,524.4784545898438,530.5759887695312,514.5299072265625,16.046091079711914,0.0
0.6225000023841858,529.18603515625,541.515625,547.2852172851562,532.0015869140625,15.283600807189941,0.0,524.474365234375,530.5211791992188,514.50341796875,16.017742156982422,0.0
0.625,543.710205078125,541.2733764648438,547.0084228515625,531.7147827148438,15.293652534484863,0.0,524.5018920898438,530.5142211914062,514.4811401367188,16.033082962036133,0.0
0.6274999976158142,519.6693725585938,541.1566772460938,546.77392578125,531.6940307617188,15.079894065856934,0.0,524.5242309570312,530.4854736328125,514.4821166992188,16.003358840942383,0.0
0.6299999952316284,536.3248901367188,541.3244018554688,546.8673095703125,531.886474609375,14.980854988098145,0.0,524.4197387695312,530.302734375,514.4027099609375,15.900040626525879,0.0
0.6324999928474426,524.5028686523438,541.47021484375,547.0111694335938,531.9339599609375,15.07718563079834,0.0,524.5111083984375,530.3607788085938,514.4434204101562,15.917379379272461,0.0
0.6349999904632568,513.6430053710938,541.2088623046875,546.625732421875,531.7848510742188,14.8408784866333,0.0,524.4845581054688,530.2626953125,514.43212890625,15.83055305480957,0.0
0.637499988079071,549.7369995117188,541.3780517578125,546.8001098632812,531.8427734375,14.957358360290527,0.0,524.4368896484375,530.148681640625,514.3919067382812,15.756804466247559,0.0
0.6399999856948853,499.6493225097656,541.6394653320312,547.0452270507812,532.0291748046875,15.016031265258789,0.0,524.4899291992188,530.1926879882812,514.3516845703125,15.841012001037598,0.0
0.6424999833106995,537.1921997070312,541.5328979492188,546.8550415039062,531.9680786132812,14.886943817138672,0.0,524.5989990234375,530.2206420898438,514.4961547851562,15.724467277526855,0.0
0.6449999809265137,511.59344482421875,541.5183715820312,546.7665405273438,531.9827880859375,14.78377914428711,0.0,524.6356811523438,530.2191162109375,514.4910888671875,15.728031158447266,0.0
0.6474999785423279,544.6715087890625,541.5574340820312,546.8038940429688,531.92041015625,14.883513450622559,0.0,524.7330322265625,530.2827758789062,514.5386962890625,15.744074821472168,0.0
0.6499999761581421,522.4049682617188,541.5131225585938,546.6619873046875,531.9511108398438,14.710855484008789,0.0,524.7125854492188,530.1822509765625,514.5551147460938,15.627144813537598,0.0
0.6524999737739563,540.6817626953125,541.7086791992188,546.888427734375,531.982421875,14.906036376953125,0.0,524.689453125,530.1213989257812,514.4896240234375,15.631757736206055,0.0
0.6549999713897705,536.5043334960938,541.6051025390625,546.6685180664062,531.9920043945312,14.676543235778809,0.0,524.5073852539062,529.9088134765625,514.2525024414062,15.656299591064453,0.0
0.6575000286102295,525.2196655273438,541.4179077148438,546.4299926757812,531.7962646484375,14.633750915527344,0.0,524.6149291992188,529.930419921875,514.4107666015625,15.519675254821777,0.0
0.6600000262260437,504.55242919921875,541.743896484375,546.7384643554688,532.0484008789062,14.69003677368164,0.0,524.7727661132812,530.0554809570312,514.5181884765625,15.537306785583496,0.0
0.6625000238418579,507.38031005859375,541.9755859375,546.8868408203125,532.3351440429688,14.55167007446289,0.0,524.8056640625,530.0689086914062,514.4742431640625,15.594643592834473,0.0
0.6650000214576721,512.6013793945312,541.706298828125,546.5584716796875,532.0742797851562,14.484177589416504,0.0,524.8232421875,529.9953002929688,514.55615234375,15.439155578613281,0.0
0.6675000190734863,549.0791015625,541.6488037109375,546.4635009765625,531.983154296875,14.480353355407715,0.0,524.6312255859375,529.7530517578125,514.3489379882812,15.404132843017578,0.0
0.6700000166893005,540.0515747070312,541.8687744140625,546.6085815429688,532.2459106445312,14.362665176391602,0.0,524.8157958984375,529.9130859375,514.466552734375,15.44654369354248,0.0
0.6725000143051147,513.5486450195312,541.8648681640625,546.611572265625,532.1177978515625,14.49377155303955,0.0,524.8525390625,529.9037475585938,514.480224609375,15.423528671264648,0.0
0.675000011920929,538.9332275390625,541.8660888671875,546.6271362304688,531.977783203125,14.649340629577637,0.0,524.8817138671875,529.890625,514.478271484375,15.412330627441406,0.0
0.6775000095367432,500.5682067871094,541.866455078125,546.4678955078125,532.199951171875,14.267921447753906,0.0,524.6377563476562,529.5824584960938,514.2500610351562,15.332372665405273,0.0
0.6800000071525574,558.572998046875,542.1249389648438,546.7781982421875,532.2369384765625,14.541265487670898,0.0,524.7313842773438,529.580322265625,514.4276123046875,15.152685165405273,0.0
0.6825000047683716,477.6072692871094,541.9539184570312,546.5073852539062,532.166015625,14.341398239135742,0.0,524.6882934570312,529.522705078125,514.2962646484375,15.226422309875488,0.0
0.6850000023841858,545.4696655273438,542.4419555664062,546.900634765625,532.7462768554688,14.154335975646973,0.0,524.8238525390625,529.621826171875,514.3903198242188,15.231486320495605,0.0
0.6875,520.0096435546875,542.1484985351562,546.5799560546875,532.399169921875,14.180794715881348,0.0,525.0370483398438,529.80126953125,514.5552368164062,15.246060371398926,0.0
0.6899999976158142,515.0120239257812,542.4332885742188,546.856689453125,532.5875244140625,14.26914119720459,0.0,524.7734985351562,529.46875,514.3223876953125,15.146364212036133,0.0
0.6924999952316284,522.6207885742188,542.454345703125,546.7902221679688,532.68994140625,14.100286483764648,0.0,524.9078369140625,529.5673217773438,514.414306640625,15.15300178527832,0.0
0.6949999928474426,510.22967529296875,542.0438842773438,546.3818969726562,532.1589965820312,14.222902297973633,0.0,524.9198608398438,529.5352783203125,514.4022216796875,15.133079528808594,0.0
0.6974999904632568,546.974365234375,542.126220703125,546.341796875,532.40625,13.93554973602295,0.0,524.7431030273438,529.2817993164062,514.2777709960938,15.004032135009766,0.0
0.699999988079071,517.8426513671875,542.3473510742188,546.5830688476562,532.4639282226562,14.119111061096191,0.0,524.87744140625,529.385498046875,514.35888671875,15.026640892028809,0.0
0.7024999856948853,503.75714111328125,542.4541015625,546.618896484375,532.6198120117188,13.999064445495605,0.0,524.9580688476562,529.4276123046875,514.404052734375,15.023575782775879,0.0
0.7049999833106995,545.50634765625,542.103759765625,546.3009643554688,532.0731811523438,14.227761268615723,0.0,524.9258422851562,529.359130859375,514.3312377929688,15.0278959274292,0.0
0.7074999809265137,542.0025634765625,542.6458129882812,546.813232421875,532.5655517578125,14.247654914855957,0.0,525.154541015625,529.5369262695312,514.5548095703125,14.982146263122559,0.0
0.7099999785423279,535.3672485351562,542.5885009765625,546.7003784179688,532.5216674804688,14.178709983825684,0.0,524.9804077148438,529.3362426757812,514.3155517578125,15.020668983459473,0.0
0.7124999761581421,520.2725830078125,542.3829345703125,546.3967895507812,532.4353637695312,13.961408615112305,0.0,524.9505615234375,529.2301635742188,514.3446044921875,14.885554313659668,0.0
0.7149999737739563,532.0010375976562,542.4324951171875,546.3360595703125,532.639404296875,13.696646690368652,0.0,524.9354858398438,529.16064453125,514.3350830078125,14.825540542602539,0.0
0.7174999713897705,534.3911743164062,542.2955322265625,546.1426391601562,532.5244140625,13.618254661560059,0.0,525.0848388671875,529.2738037109375,514.4453125,14.828511238098145,0.0
0.7200000286102295,533.9465942382812,542.5174560546875,546.4033203125,532.525146484375,13.878157615661621,0.0,525.1171264648438,529.2513427734375,514.4862670898438,14.765106201171875,0.0
0.7225000262260437,546.2529296875,542.6903076171875,546.5221557617188,532.7134399414062,13.808698654174805,0.0,525.3003540039062,529.4305419921875,514.5469970703125,14.883573532104492,0.0
0.7250000238418579,544.5192260742188,542.2449951171875,546.0720825195312,532.1550903320312,13.917003631591797,0.0,525.1550903320312,529.2354736328125,514.3978271484375,14.837664604187012,0.0
0.7275000214576721,521.2315673828125,542.4503173828125,546.2301025390625,532.3594970703125,13.87060546875,0.0,525.248046875,529.2781982421875,514.4892578125,14.788933753967285,0.0
0.7300000190734863,521.9957885742188,542.7129516601562,546.4013671875,532.7406005859375,13.66074275970459,0.0,525.1597900390625,529.1364135742188,514.4085083007812,14.727882385253906,0.0
0.7325000166893005,519.3936157226562,542.7675170898438,546.452880859375,532.6758422851562,13.77701473236084,0.0,525.0947265625,529.0302734375,514.3184204101562,14.71184253692627,0.0
0.7350000143051147,532.15087890625,542.8237915039062,546.4966430664062,532.6366577148438,13.860000610351562,0.0,525.060791015625,528.94189453125,514.2957153320312,14.646162033081055,0.0
0.737500011920929,550.1624755859375,542.4317016601562,545.9695434570312,532.4920654296875,13.47746753692627,0.0,525.1395263671875,528.9760131835938,514.36083984375,14.615188598632812,0.0
0.7400000095367432,504.7452087402344,542.8348999023438,546.4169921875,532.6398315429688,13.77717113494873,0.0,525.1106567382812,528.8961181640625,514.3359985351562,14.560150146484375,0.0
0.7425000071525574,505.3116149902344,542.8494262695312,546.3180541992188,532.8474731445312,13.470582962036133,0.0,525.1898193359375,528.9420166015625,514.3704833984375,14.571511268615723,0.0
0.7450000047683716,544.3809814453125,542.8523559570312,546.2642211914062,532.8839721679688,13.380271911621094,0.0,525.1648559570312,528.8668823242188,514.3492431640625,14.517668724060059,0.0
0.7475000023841858,533.3192749023438,542.8845825195312,546.3429565429688,532.646240234375,13.696710586547852,0.0,525.3589477539062,529.01123046875,514.54736328125,14.463885307312012,0.0
0.75,519.6740112304688,542.973388671875,546.3407592773438,532.8712158203125,13.469564437866211,0.0,525.0742797851562,528.6823120117188,514.2504272460938,14.431855201721191,0.0
0.7524999976158142,544.9782104492188,542.7457275390625,546.0795288085938,532.6094970703125,13.470015525817871,0.0,525.4137573242188,529.013671875,514.4686279296875,14.545029640197754,0.0
0.7549999952316284,533.1049194335938,542.9295654296875,546.2116088867188,532.815673828125,13.3959379196167,0.0,525.2432861328125,528.7667846679688,514.3846435546875,14.382113456726074,0.0
0.7574999928474426,518.1732177734375,542.9486694335938,546.1195068359375,533.0441284179688,13.075349807739258,0.0,525.3803100585938,528.8845825195312,514.4351196289062,14.449438095092773,0.0
0.7599999904632568,539.73779296875,543.0836791992188,546.30615234375,532.87939453125,13.426734924316406,0.0,525.1900024414062,528.6226196289062,514.3203735351562,14.302274703979492,0.0
0.762499988079071,526.2127685546875,543.0917358398438,546.29833984375,532.7969970703125,13.501321792602539,0.0,525.2391967773438,528.6245727539062,514.3707275390625,14.2538423538208,0.0
0.7649999856948853,533.2363891601562,543.0867919921875,546.2505493164062,532.787841796875,13.462697982788086,0.0,525.3031616210938,528.6809692382812,514.3075561523438,14.373435020446777,0.0
0.7674999833106995,535.513916015625,543.3043212890625,546.4411010742188,532.9495849609375,13.491497993469238,0.0,525.385498046875,528.7052001953125,514.4271850585938,14.278036117553711,0.0
0.7699999809265137,526.434326171875,543.32958984375,546.3629150390625,533.1744384765625,13.188457489013672,0.0,525.2896728515625,528.5849609375,514.258056640625,14.326896667480469,0.0
0.7724999785423279,520.5443725585938,543.1834106445312,546.2044067382812,532.9255981445312,13.278830528259277,0.0,525.45068359375,528.691162109375,514.447021484375,14.244122505187988,0.0
0.7749999761581421,513.8200073242188,543.276611328125,546.3309326171875,532.756103515625,13.574821472167969,0.0,525.3793334960938,528.58056640625,514.3524169921875,14.228169441223145,0.0
0.7774999737739563,529.0340576171875,543.1904296875,546.1558837890625,532.8279418945312,13.327947616577148,0.0,525.496826171875,528.6729736328125,514.3983764648438,14.274615287780762,0.0
0.7799999713897705,550.9951171875,543.2908935546875,546.2105712890625,532.9393310546875,13.271249771118164,0.0,525.5532836914062,528.6756591796875,514.483642578125,14.19201374053955,0.0
0.7825000286102295,560.158935546875,543.1950073242188,546.031005859375,532.99169921875,13.039313316345215,0.0,525.4099731445312,528.48583984375,514.34326171875,14.14255142211914,0.0
0.7850000262260437,530.4754028320312,543.4857177734375,546.2765502929688,533.295654296875,12.98092269897461,0.0,525.3591918945312,528.376708984375,514.3413696289062,14.035327911376953,0.0
0.7875000238418579,500.556396484375,543.2440185546875,546.0451049804688,532.8634643554688,13.18166732788086,0.0,525.4531860351562,528.4422607421875,514.3760986328125,14.066143035888672,0.0
