cell_id,predicted_label,confidence,entropy,query_donor,method,status
CGATCGGCACCGAATT-1-HCAHeart7843999,Endothelial,1.0,-0.0,D6,pca_knn,predicted
GAGACTTCAACGCCCA-1-HCAHeart7905332,Fibroblast,0.8157532467920681,0.4777723168610657,D6,pca_knn,predicted
CACCTTGGTCAGCTAT-1-HCAHeart7844001,Pericytes,0.5961024602627806,0.9512712766562648,D6,pca_knn,predicted
TGGACGCCAAGACGTG-1-HCAHeart7880862,Atrial_Cardiomyocyte,1.0,-0.0,D6,pca_knn,predicted
TAGTGGTGTTGTCGCG-1-HCAHeart7844004,Endothelial,1.0,-0.0,D6,pca_knn,predicted
AAGGCAGTCCAAACTG-1-HCAHeart7844001,Pericytes,0.792824919624754,0.5101897318978073,D6,pca_knn,predicted
TTAATCCAGGTCGCCT-1-HCAHeart7905329,Smooth_muscle_cells,0.8079599547912332,0.48916756673507555,D6,pca_knn,predicted
ATTCACTAGTAAGACT-1-HCAHeart7905328,Endothelial,1.0,-0.0,D6,pca_knn,predicted
TGAGGGATCGTTGCCT-1-HCAHeart7844000,Endothelial,1.0,-0.0,D6,pca_knn,predicted
GGACAAGCACTCAGGC-1-HCAHeart7844001,Smooth_muscle_cells,0.585809624555517,0.6783474411088883,D6,pca_knn,predicted
CACCGTTGTCAGTTTG-1-HCAHeart7905328,Pericytes,0.511963585558991,1.014088408669894,D6,pca_knn,predicted
AGCAGCCGTCTACCTC-1-HCAHeart7844003,Pericytes,0.5462798982911883,0.6888573849552814,D6,pca_knn,predicted
TTGTAGGAGTCAATAG-1-HCAHeart7888926,Ventricular_Cardiomyocyte,1.0,-0.0,D6,pca_knn,predicted
TGAGCATTCTTAGAGC-1-HCAHeart7844004,Endothelial,1.0,-0.0,D6,pca_knn,predicted
TCGGGACAGAGCTATA-1-HCAHeart7844002,Endothelial,1.0,-0.0,D6,pca_knn,predicted
CTGCCTACATGTAAGA-1-HCAHeart7888927,Ventricular_Cardiomyocyte,1.0,-0.0,D6,pca_knn,predicted
CACAGGCTCACCGTAA-1-HCAHeart7844002,Lymphoid,1.0,-0.0,D6,pca_knn,predicted
CCATGTCTCAAACAAG-1-HCAHeart7843999,Endothelial,1.0,-0.0,D6,pca_knn,predicted
CATCAAGCACAGACAG-1-HCAHeart7844004,Endothelial,1.0,-0.0,D6,pca_knn,predicted
AATCCAGTCGAACGGA-1-HCAHeart7844003,Endothelial,1.0,-0.0,D6,pca_knn,predicted
ATTACTCCACATTCGA-1-HCAHeart7844003,Pericytes,0.8552405778739453,0.4135100232427483,D6,pca_knn,predicted
GTGCAGCAGGCAATTA-1-HCAHeart7844001,Endothelial,1.0,-0.0,D6,pca_knn,predicted
GCATGCGCAGTCACTA-1-HCAHeart7844001,Endothelial,1.0,-0.0,D6,pca_knn,predicted
TTCTTAGCAGCTGTGC-1-HCAHeart7888926,Ventricular_Cardiomyocyte,1.0,-0.0,D6,pca_knn,predicted
GTCTCGTCACAGGAGT-1-HCAHeart7844001,Myeloid,0.8274578091572188,0.4598943689479722,D6,pca_knn,predicted
ATTGGACCATCACCCT-1-HCAHeart7880860,Ventricular_Cardiomyocyte,1.0,-0.0,D6,pca_knn,predicted
CATATGGAGCCCAACC-1-HCAHeart7844000,Lymphoid,0.5806078733423202,0.6800950363142756,D6,pca_knn,predicted
ACACTGACAAACCTAC-1-HCAHeart7844004,Endothelial,1.0,-0.0,D6,pca_knn,predicted
TGACAACAGCTAGTCT-1-HCAHeart7844000,Lymphoid,0.5691967725979925,0.6835399881985521,D6,pca_knn,predicted
TGGTTAGAGGGAGTAA-1-HCAHeart7844004,Endothelial,1.0,-0.0,D6,pca_knn,predicted
TCAACGATCTTCTGGC-1-HCAHeart7844004,Endothelial,1.0,-0.0,D6,pca_knn,predicted
TTTCCTCCAATCTACG-1-HCAHeart7844004,Pericytes,0.8064964359841691,0.4912634742623757,D6,pca_knn,predicted
CAGAATCTCTGCAGTA-1-HCAHeart7880862,Atrial_Cardiomyocyte,1.0,-0.0,D6,pca_knn,predicted
GTACGTATCTACTCAT-1-HCAHeart7888926,Ventricular_Cardiomyocyte,1.0,-0.0,D6,pca_knn,predicted
CTCGTCAGTAAACACA-1-HCAHeart7844003,Pericytes,1.0,-0.0,D6,pca_knn,predicted
CAGCTAAAGAGTGAGA-1-HCAHeart7888926,Ventricular_Cardiomyocyte,0.8022538428442444,0.4972620145158958,D6,pca_knn,predicted
TCGTAGATCCACGTTC-1-HCAHeart7844001,Endothelial,1.0,-0.0,D6,pca_knn,predicted
AAACCTGCACAAGTAA-1-HCAHeart7844003,Endothelial,1.0,-0.0,D6,pca_knn,predicted
ACACCCTAGTTGAGAT-1-HCAHeart7844003,Endothelial,1.0,-0.0,D6,pca_knn,predicted
CAGCGACGTCTCCATC-1-HCAHeart7888927,Ventricular_Cardiomyocyte,1.0,-0.0,D6,pca_knn,predicted
CTGCCTAGTACTCGCG-1-HCAHeart7844001,Endothelial,1.0,-0.0,D6,pca_knn,predicted
CAGGTGCGTGACGGTA-1-HCAHeart7844001,Pericytes,0.5826564512901579,0.9684064362314693,D6,pca_knn,predicted
GCGGGTTGTGCGCTTG-1-HCAHeart7843999,Endothelial,0.6019840764328424,0.6721989875325967,D6,pca_knn,predicted
CGAGTGCTCGTTAGAC-1-HCAHeart7905332,Endothelial,1.0,-0.0,D6,pca_knn,predicted
CGGAGCTGTGGGTATG-1-HCAHeart7843999,Endothelial,1.0,-0.0,D6,pca_knn,predicted
TGAATCGCAAAGGCAC-1-HCAHeart7905332,Endothelial,1.0,-0.0,D6,pca_knn,predicted
GTGCTTCTCTCTTGAT-1-HCAHeart7843999,Endothelial,1.0,-0.0,D6,pca_knn,predicted
CAGATCAGTTCAGTAC-1-HCAHeart7844000,Pericytes,1.0,-0.0,D6,pca_knn,predicted
TGGAGAGAGGGCAATC-1-HCAHeart7905331,Endothelial,1.0,-0.0,D6,pca_knn,predicted
CGGGTCATCCACGCAG-1-HCAHeart7843999,Pericytes,0.5785010216540043,0.6807712200857847,D6,pca_knn,predicted
CCCAGTTAGTAGCGGT-1-HCAHeart7844001,Pericytes,1.0,-0.0,D6,pca_knn,predicted
GAAGCAGCACCATCCT-1-HCAHeart7843999,Lymphoid,1.0,-0.0,D6,pca_knn,predicted
ACGAGCCGTAAAGGAG-1-HCAHeart7844003,Endothelial,0.8169796484824787,0.4759426201092587,D6,pca_knn,predicted
CTCACACCATTTGCCC-1-HCAHeart7844000,Smooth_muscle_cells,0.5961940857542823,0.6745246869421426,D6,pca_knn,predicted
CCTAACCCAGCGTTTA-1-HCAHeart7905328,Endothelial,1.0,-0.0,D6,pca_knn,predicted
GGGCACTTCGGAAACG-1-HCAHeart7844004,Endothelial,1.0,-0.0,D6,pca_knn,predicted
CGTTGGGGTCAAGCGA-1-HCAHeart7844001,Fibroblast,1.0,-0.0,D6,pca_knn,predicted
CCAATCCGTTCCTCCA-1-HCAHeart7844001,Myeloid,0.5989740864792036,0.6734254470635592,D6,pca_knn,predicted
ATCTGCCGTTGTACAC-1-HCAHeart7880862,Atrial_Cardiomyocyte,1.0,-0.0,D6,pca_knn,predicted
CGAACATCAGCTGTTA-1-HCAHeart7844004,Endothelial,1.0,-0.0,D6,pca_knn,predicted
GACGTGCCATTCTTAC-1-HCAHeart7844001,Myeloid,0.6444340251371505,0.6508242720707709,D6,pca_knn,predicted
TTACCGCCAGTTTGGT-1-HCAHeart7905331,Endothelial,1.0,-0.0,D6,pca_knn,predicted
AGCGTATTCTTGTTTG-1-HCAHeart7844001,Endothelial,1.0,-0.0,D6,pca_knn,predicted
TCAACGACATACTCTT-1-HCAHeart7844004,Endothelial,0.7854419746151052,0.5199334281629302,D6,pca_knn,predicted
ATCCGAAGTGACCAAG-1-HCAHeart7843999,Smooth_muscle_cells,1.0,-0.0,D6,pca_knn,predicted
CCTCTGAAGATGGCGT-1-HCAHeart7844001,Smooth_muscle_cells,0.7843063313679192,0.5214032926627326,D6,pca_knn,predicted
GGTGTTAGTCCAAGTT-1-HCAHeart7844004,Lymphoid,1.0,-0.0,D6,pca_knn,predicted
CCTTTCTAGTGTTGAA-1-HCAHeart7844004,Endothelial,1.0,-0.0,D6,pca_knn,predicted
CCCAACTTCAACGCTA-1-HCAHeart7905332,Smooth_muscle_cells,0.6297985383548732,0.659062814905681,D6,pca_knn,predicted
AGTGATCGTGTCTCCT-1-HCAHeart7905328,Endothelial,1.0,-0.0,D6,pca_knn,predicted
ATCATGGAGTGAACGC-1-HCAHeart7844004,Endothelial,1.0,-0.0,D6,pca_knn,predicted
CAGAGAGTCGATGAGG-1-HCAHeart7844003,Endothelial,1.0,-0.0,D6,pca_knn,predicted
ACTGAGTTCACGACTA-1-HCAHeart7844000,Endothelial,1.0,-0.0,D6,pca_knn,predicted
GGTTCTCCAGCGTTGC-1-HCAHeart7905327,Endothelial,1.0,-0.0,D6,pca_knn,predicted
CTACCCACAATCGGTT-1-HCAHeart7844004,Endothelial,1.0,-0.0,D6,pca_knn,predicted
AACTCTTTCGTTTAGG-1-HCAHeart7844000,Endothelial,1.0,-0.0,D6,pca_knn,predicted
TGCGCAGGTTGGTGGA-1-HCAHeart7880862,Atrial_Cardiomyocyte,1.0,-0.0,D6,pca_knn,predicted
CTTCCGAGTTCCAAAC-1-HCAHeart7905332,Endothelial,1.0,-0.0,D6,pca_knn,predicted
CGGGACTTCATTTGTC-1-HCAHeart7905327,Endothelial,1.0,-0.0,D6,pca_knn,predicted
CGCCAAGAGAAACCAT-1-HCAHeart7844003,Endothelial,1.0,-0.0,D6,pca_knn,predicted
TTGTAGGTCTGTCAAG-1-HCAHeart7844001,Endothelial,0.8097609858092414,0.48656935212967745,D6,pca_knn,predicted
TGTTCATTCGACGCGT-1-HCAHeart7905330,Fibroblast,1.0,-0.0,D6,pca_knn,predicted
AAAGCAATCAGGCAAG-1-HCAHeart7880861,Endothelial,0.4141233342655523,1.0543538731533577,D6,pca_knn,predicted
ACGATGTGTCCCTACT-1-HCAHeart7844004,Pericytes,0.8353154787633428,0.44735687968252147,D6,pca_knn,predicted
GATTCAGAGAGGGATA-1-HCAHeart7843999,Endothelial,1.0,-0.0,D6,pca_knn,predicted
GTAACGTTCGTTACGA-1-HCAHeart7844001,Pericytes,0.5857366367236382,0.6783727327610707,D6,pca_knn,predicted
GGTATTGTCTGCAAGT-1-HCAHeart7843999,Myeloid,0.6619501791939981,0.639733453257533,D6,pca_knn,predicted
TGCCAAATCATGTGGT-1-HCAHeart7844001,Myeloid,1.0,-0.0,D6,pca_knn,predicted
TTCTCCTAGCCTCGTG-1-HCAHeart7844003,Endothelial,1.0,-0.0,D6,pca_knn,predicted
CTGAAACGTGAGTGAC-1-HCAHeart7844000,Endothelial,1.0,-0.0,D6,pca_knn,predicted
TGTGTGAAGTATGCAA-1-HCAHeart7905331,Endothelial,1.0,-0.0,D6,pca_knn,predicted
AGCATACCACGGTAGA-1-HCAHeart7843999,Lymphoid,0.8463555431282059,0.4289790230878645,D6,pca_knn,predicted
TGCTGCTTCTTCCTTC-1-HCAHeart7844001,Lymphoid,1.0,-0.0,D6,pca_knn,predicted
GCCATTCCAGAAGCTG-1-HCAHeart7905328,Endothelial,1.0,-0.0,D6,pca_knn,predicted
TCTGAGAGTGATGTCT-1-HCAHeart7844001,Endothelial,1.0,-0.0,D6,pca_knn,predicted
TATTGCTTCCTGGGAC-1-HCAHeart7905329,Endothelial,1.0,-0.0,D6,pca_knn,predicted
TACCTTATCGCTTAGA-1-HCAHeart7844000,Endothelial,1.0,-0.0,D6,pca_knn,predicted
CAGTAACCACCAACCG-1-HCAHeart7844004,Endothelial,1.0,-0.0,D6,pca_knn,predicted
TATTACCGTTGGAGGT-1-HCAHeart7844003,Lymphoid,0.8174792380320669,0.47519439053137585,D6,pca_knn,predicted
AAAGGTAGTGACACAG-1-HCAHeart7905328,Pericytes,0.5681436185299686,0.6838311092031697,D6,pca_knn,predicted
CCTACACCATTATCTC-1-HCAHeart7844000,Endothelial,1.0,-0.0,D6,pca_knn,predicted
CGCTATCCAACGATGG-1-HCAHeart7844004,Endothelial,1.0,-0.0,D6,pca_knn,predicted
TTGACTTCAAGAAAGG-1-HCAHeart7844004,Pericytes,0.8314531545345742,0.45357455170584693,D6,pca_knn,predicted
GGACAAGGTGTTTGGT-1-HCAHeart7843999,Endothelial,1.0,-0.0,D6,pca_knn,predicted
AAAGTAGTCTGAGGGA-1-HCAHeart7844004,Endothelial,1.0,-0.0,D6,pca_knn,predicted
GGCGACTTCAGGCCCA-1-HCAHeart7843999,Endothelial,1.0,-0.0,D6,pca_knn,predicted
TCAATCTGTGTCTGAT-1-HCAHeart7843999,Endothelial,1.0,-0.0,D6,pca_knn,predicted
AGTCTTTAGTAATCCC-1-HCAHeart7843999,Endothelial,1.0,-0.0,D6,pca_knn,predicted
TCGGGACCAATGCCAT-1-HCAHeart7844004,Endothelial,1.0,-0.0,D6,pca_knn,predicted
TCAGGTAAGGTAGCTG-1-HCAHeart7844003,Endothelial,1.0,-0.0,D6,pca_knn,predicted
CTCATTAGTACCGTTA-1-HCAHeart7844001,Endothelial,1.0,-0.0,D6,pca_knn,predicted
GCATGCGGTTATGCGT-1-HCAHeart7844001,Smooth_muscle_cells,0.5525689206597407,0.6876099699168627,D6,pca_knn,predicted
GCTGGGTAGCAGATCG-1-HCAHeart7844001,Endothelial,1.0,-0.0,D6,pca_knn,predicted
CACAGGCGTCGAACAG-1-HCAHeart7843999,Smooth_muscle_cells,0.6678269052471277,0.6357069215867845,D6,pca_knn,predicted
TGTCAGACAGGTTTAC-1-HCAHeart7905327,Endothelial,1.0,-0.0,D6,pca_knn,predicted
TTTGGTTTCGGCTGAC-1-HCAHeart7905329,Endothelial,1.0,-0.0,D6,pca_knn,predicted
CTCTAATCAGATGGCA-1-HCAHeart7843999,Endothelial,1.0,-0.0,D6,pca_knn,predicted
TACCTTAAGATCACGG-1-HCAHeart7880861,Pericytes,1.0,-0.0,D6,pca_knn,predicted
TTCTTAGGTAAATGTG-1-HCAHeart7844004,Endothelial,1.0,-0.0,D6,pca_knn,predicted
GATTCAGGTGATGTCT-1-HCAHeart7844004,Endothelial,1.0,-0.0,D6,pca_knn,predicted
TCGAGGCAGCACCGCT-1-HCAHeart7844004,Endothelial,1.0,-0.0,D6,pca_knn,predicted
TTGCCGTGTTGGTAAA-1-HCAHeart7844004,Endothelial,1.0,-0.0,D6,pca_knn,predicted
CATTCGCCATGCCCGA-1-HCAHeart7844003,Lymphoid,1.0,-0.0,D6,pca_knn,predicted
CCGGTAGCAAACCTAC-1-HCAHeart7888927,Fibroblast,1.0,-0.0,D6,pca_knn,predicted
CCACTACAGCTGTTCA-1-HCAHeart7844004,Endothelial,1.0,-0.0,D6,pca_knn,predicted
CCGTTCAAGACAGAGA-1-HCAHeart7843999,Lymphoid,0.8237011873097323,0.4657345446310836,D6,pca_knn,predicted
GACAGAGCACAGGAGT-1-HCAHeart7844004,Smooth_muscle_cells,0.5863173808321992,0.6781708863266362,D6,pca_knn,predicted
AGCGTCGAGGATGCGT-1-HCAHeart7844004,Endothelial,1.0,-0.0,D6,pca_knn,predicted
GGTGCGTAGAGTGAGA-1-HCAHeart7843999,Endothelial,1.0,-0.0,D6,pca_knn,predicted
GCAGCCACATGCCACG-1-HCAHeart7844004,Endothelial,1.0,-0.0,D6,pca_knn,predicted
GCAAACTAGAAGGTGA-1-HCAHeart7844000,Endothelial,1.0,-0.0,D6,pca_knn,predicted
TCAGCAAAGGTGTGGT-1-HCAHeart7880862,Atrial_Cardiomyocyte,1.0,-0.0,D6,pca_knn,predicted
TTGCCGTCAATCGGTT-1-HCAHeart7844003,Endothelial,0.6260513243707172,0.6610238359098504,D6,pca_knn,predicted
ACTGTCCCATCGCTGG-1-HCAHeart7905332,Fibroblast,0.8749256576407936,0.3769147995467041,D6,pca_knn,predicted
GAAACTCCATCGGACC-1-HCAHeart7843999,Lymphoid,1.0,-0.0,D6,pca_knn,predicted
CTCCTAGTCGGTGTTA-1-HCAHeart7844001,Endothelial,1.0,-0.0,D6,pca_knn,predicted
TCGCGTTAGACAATAC-1-HCAHeart7844004,Endothelial,1.0,-0.0,D6,pca_knn,predicted
TACGGTAAGACGCAAC-1-HCAHeart7844004,Lymphoid,1.0,-0.0,D6,pca_knn,predicted
CCCTTAGGTCCGACGT-1-HCAHeart7905332,Endothelial,1.0,-0.0,D6,pca_knn,predicted
CGTCACTTCAGGTTCA-1-HCAHeart7844001,Endothelial,1.0,-0.0,D6,pca_knn,predicted
CTCGTCACACGCTTTC-1-HCAHeart7843999,Endothelial,1.0,-0.0,D6,pca_knn,predicted
CATGGATTCCGCATAA-1-HCAHeart7905328,Lymphoid,1.0,-0.0,D6,pca_knn,predicted
CTCGGAGGTTCTCATT-1-HCAHeart7844001,Pericytes,0.8219792439905248,0.4683789566205805,D6,pca_knn,predicted
ACCAGTAGTAGTACCT-1-HCAHeart7888927,Ventricular_Cardiomyocyte,1.0,-0.0,D6,pca_knn,predicted
CCCATACGTTGATTGC-1-HCAHeart7844001,Lymphoid,1.0,-0.0,D6,pca_knn,predicted
TCACGGGTCAGCTGAT-1-HCAHeart7905328,Endothelial,1.0,-0.0,D6,pca_knn,predicted
ACGAGGACACAGGTTT-1-HCAHeart7844004,Endothelial,1.0,-0.0,D6,pca_knn,predicted
GATCTAGTCAGCTCTC-1-HCAHeart7880862,Fibroblast,1.0,-0.0,D6,pca_knn,predicted
CTAATGGCAAGTAATG-1-HCAHeart7844001,Pericytes,0.6127169305611175,0.6675172432099074,D6,pca_knn,predicted
GGTGAAGCAACGATCT-1-HCAHeart7844004,Endothelial,1.0,-0.0,D6,pca_knn,predicted
TCACAAGCAATGTAAG-1-HCAHeart7844001,Lymphoid,0.6077342159198638,0.6697508174632951,D6,pca_knn,predicted
GAAATGAGTTCGTTGA-1-HCAHeart7844004,Endothelial,1.0,-0.0,D6,pca_knn,predicted
GGGCCATAGGCATCTT-1-HCAHeart7905328,Endothelial,1.0,-0.0,D6,pca_knn,predicted
CCACCTAGTAGTACCT-1-HCAHeart7844003,Lymphoid,0.6659829879922103,0.6369870069121846,D6,pca_knn,predicted
CAGATCAGTCTAAACC-1-HCAHeart7844004,Endothelial,1.0,-0.0,D6,pca_knn,predicted
AGCTCTCGTCAATGTC-1-HCAHeart7888926,Smooth_muscle_cells,0.6186135152741715,0.6647387999461462,D6,pca_knn,predicted
CTCGTCACAAACAACA-1-HCAHeart7843999,Endothelial,1.0,-0.0,D6,pca_knn,predicted
GAGATGGGTTATAGCC-1-HCAHeart7905329,Endothelial,1.0,-0.0,D6,pca_knn,predicted
CGATGGCAGGGAGTAA-1-HCAHeart7880861,Ventricular_Cardiomyocyte,1.0,-0.0,D6,pca_knn,predicted
TGAGCCGAGCGTGTCC-1-HCAHeart7844001,Pericytes,0.8330085441431245,0.4510835573428543,D6,pca_knn,predicted
GGATTACTCAGGCGAA-1-HCAHeart7844004,Endothelial,1.0,-0.0,D6,pca_knn,predicted
TTCCGGTGTATAGCTC-1-HCAHeart7905328,Smooth_muscle_cells,0.5976648989866322,0.6739471165275303,D6,pca_knn,predicted
ACATGGTGTCAGCTAT-1-HCAHeart7844001,Myeloid,1.0,-0.0,D6,pca_knn,predicted
TGCACGGTCTCTGACC-1-HCAHeart7905332,Fibroblast,0.8156286457209123,0.4779576511820051,D6,pca_knn,predicted
GATTGGTGTCCACATA-1-HCAHeart7905331,Endothelial,1.0,-0.0,D6,pca_knn,predicted
TCTGGAATCTTTACGT-1-HCAHeart7844002,Lymphoid,1.0,-0.0,D6,pca_knn,predicted
TCATTGTGTTTGGCTA-1-HCAHeart7905327,Endothelial,1.0,-0.0,D6,pca_knn,predicted
AGAGCGATCGTATCAG-1-HCAHeart7844001,Pericytes,0.7960153159347874,0.505876995256962,D6,pca_knn,predicted
ATCCTATAGTAATACG-1-HCAHeart7905332,Pericytes,0.6481968403627492,0.6485557252888432,D6,pca_knn,predicted
GATCGTAAGGTACTCT-1-HCAHeart7888926,Ventricular_Cardiomyocyte,1.0,-0.0,D6,pca_knn,predicted
AGGCCACGTGGACGAT-1-HCAHeart7888927,Ventricular_Cardiomyocyte,1.0,-0.0,D6,pca_knn,predicted
TCGGATACAAGAGATT-1-HCAHeart7905327,Endothelial,1.0,-0.0,D6,pca_knn,predicted
TCTATTGTCACAATGC-1-HCAHeart7888927,Pericytes,0.6041131729646148,0.6713086319000047,D6,pca_knn,predicted
CGACTTCAGAGGTAGA-1-HCAHeart7880860,Ventricular_Cardiomyocyte,1.0,-0.0,D6,pca_knn,predicted
AGGGTGACACGTCATA-1-HCAHeart7905328,Endothelial,1.0,-0.0,D6,pca_knn,predicted
CGTCACTGTCACCCAG-1-HCAHeart7888926,Ventricular_Cardiomyocyte,1.0,-0.0,D6,pca_knn,predicted
AGTGTTGAGATGCTGG-1-HCAHeart7905327,Endothelial,1.0,-0.0,D6,pca_knn,predicted
ACGGTCGGTACTCCGG-1-HCAHeart7905329,Lymphoid,0.7965074351157754,0.5052061926206883,D6,pca_knn,predicted
GACGTTATCGCAGTTA-1-HCAHeart7905327,Endothelial,1.0,-0.0,D6,pca_knn,predicted
CTGAAGTAGATCCTGT-1-HCAHeart7844001,Endothelial,1.0,-0.0,D6,pca_knn,predicted
CGAGAAGTCGTTGCCT-1-HCAHeart7844003,Endothelial,1.0,-0.0,D6,pca_knn,predicted
GAGTCATGTACAGAAT-1-HCAHeart7905327,Endothelial,1.0,-0.0,D6,pca_knn,predicted
TGGCTGGAGTGCCATT-1-HCAHeart7844000,Endothelial,1.0,-0.0,D6,pca_knn,predicted
GGTTAACTCACAGAGG-1-HCAHeart7905329,Endothelial,1.0,-0.0,D6,pca_knn,predicted
GGTGTCGTCGAGAAAT-1-HCAHeart7905332,Endothelial,1.0,-0.0,D6,pca_knn,predicted
GTGATGTTCTCGGCTT-1-HCAHeart7905327,Endothelial,1.0,-0.0,D6,pca_knn,predicted
GGACAAGTCCTATTCA-1-HCAHeart7843999,Pericytes,1.0,-0.0,D6,pca_knn,predicted
GTGCATATCTTGGGTA-1-HCAHeart7844001,Endothelial,1.0,-0.0,D6,pca_knn,predicted
AGTACTGCAGGCCCTA-1-HCAHeart7905332,Endothelial,1.0,-0.0,D6,pca_knn,predicted
TAGACCATCGGAAATA-1-HCAHeart7844001,Pericytes,0.6353893001114882,0.9087079519397259,D6,pca_knn,predicted
CGTGAGCGTGCTGTAT-1-HCAHeart7844004,Endothelial,1.0,-0.0,D6,pca_knn,predicted
ATCATCTTCACCTTAT-1-HCAHeart7844003,Endothelial,1.0,-0.0,D6,pca_knn,predicted
GATGAGGTCGCGTAGC-1-HCAHeart7844001,Pericytes,0.8083087693228973,0.4886659947604031,D6,pca_knn,predicted
TATCTCAAGCGAAGGG-1-HCAHeart7880860,Ventricular_Cardiomyocyte,1.0,-0.0,D6,pca_knn,predicted
TCTGAGATCAAGAAGT-1-HCAHeart7843999,Endothelial,0.8101019107977045,0.48607515922143285,D6,pca_knn,predicted
AACTGGTTCATACGGT-1-HCAHeart7844003,Endothelial,1.0,-0.0,D6,pca_knn,predicted
GACTAACAGAGGACGG-1-HCAHeart7843999,Endothelial,1.0,-0.0,D6,pca_knn,predicted
GTGAGGAGTCACTAGT-1-HCAHeart7905332,Endothelial,1.0,-0.0,D6,pca_knn,predicted
TCGCGTTGTTATCACG-1-HCAHeart7844001,Endothelial,1.0,-0.0,D6,pca_knn,predicted
ATCTGCCCACAGTCGC-1-HCAHeart7844001,Lymphoid,1.0,-0.0,D6,pca_knn,predicted
GTACGTAGTGAGTATA-1-HCAHeart7880862,Atrial_Cardiomyocyte,1.0,-0.0,D6,pca_knn,predicted
TAGGCATGTCGCGTGT-1-HCAHeart7844003,Pericytes,0.4386493619279765,1.0406601775232511,D6,pca_knn,predicted
CTTAGGAAGGGTTTCT-1-HCAHeart7843999,Pericytes,0.7882440199094012,0.5162739390506289,D6,pca_knn,predicted
GGGCCATCAACCGTGC-1-HCAHeart7905327,Endothelial,1.0,-0.0,D6,pca_knn,predicted
CTGCAGGTCGCCGATG-1-HCAHeart7905330,Pericytes,0.5735342282109996,0.6822932889352344,D6,pca_knn,predicted
TGCGTGGTCGCCAGCA-1-HCAHeart7844001,Endothelial,1.0,-0.0,D6,pca_knn,predicted
GCAGCTGAGGGATCGT-1-HCAHeart7905328,Pericytes,0.5987590352952533,0.6735116276797942,D6,pca_knn,predicted
CTACACCGTCCCGACA-1-HCAHeart7844004,Endothelial,1.0,-0.0,D6,pca_knn,predicted
AGAATAGTCCGGCACA-1-HCAHeart7844001,Pericytes,0.8059517616248301,0.49203999455121605,D6,pca_knn,predicted
ATGGGTTGTATAATGG-1-HCAHeart7905328,Endothelial,1.0,-0.0,D6,pca_knn,predicted
CGGAGCTAGTTGTCGT-1-HCAHeart7844004,Endothelial,1.0,-0.0,D6,pca_knn,predicted
CTAGGTAGTTAGCGGA-1-HCAHeart7905328,Endothelial,1.0,-0.0,D6,pca_knn,predicted
TCAGCAACAGCCTTGG-1-HCAHeart7844004,Endothelial,1.0,-0.0,D6,pca_knn,predicted
CCTAAAGCAAGAGGCT-1-HCAHeart7844001,Lymphoid,0.7883048279561397,0.5161940035103534,D6,pca_knn,predicted
AGCTTGATCTGTCTAT-1-HCAHeart7844003,Endothelial,1.0,-0.0,D6,pca_knn,predicted
GAGGTGAAGTGTTTGC-1-HCAHeart7843999,Endothelial,1.0,-0.0,D6,pca_knn,predicted
GGTGCGTTCAACGAAA-1-HCAHeart7844001,Myeloid,0.8116913288784764,0.4837612056929417,D6,pca_knn,predicted
GAAGAATCATGAGAAT-1-HCAHeart7905332,Endothelial,1.0,-0.0,D6,pca_knn,predicted
AGGTCCGTCTCCAGGG-1-HCAHeart7844004,Endothelial,1.0,-0.0,D6,pca_knn,predicted
CGGACTGTCACATGCA-1-HCAHeart7844000,Endothelial,1.0,-0.0,D6,pca_knn,predicted
CGTCAGGGTAAGGATT-1-HCAHeart7844004,Endothelial,1.0,-0.0,D6,pca_knn,predicted
TGTCCCACATGTTGAC-1-HCAHeart7843999,Myeloid,1.0,-0.0,D6,pca_knn,predicted
GTCTTCGTCTGTACGA-1-HCAHeart7843999,Lymphoid,1.0,-0.0,D6,pca_knn,predicted
CTCTAATTCGGTGTTA-1-HCAHeart7880862,Fibroblast,1.0,-0.0,D6,pca_knn,predicted
GACCAATTCCACTCCA-1-HCAHeart7844004,Lymphoid,1.0,-0.0,D6,pca_knn,predicted
AACTCTTAGGTACTCT-1-HCAHeart7844001,Endothelial,1.0,-0.0,D6,pca_knn,predicted
TCGAAGTCATGGCCCA-1-HCAHeart7905332,Fibroblast,0.8506297948373687,0.4216150877627225,D6,pca_knn,predicted
ATTGGTGGTAAACACA-1-HCAHeart7888926,Fibroblast,0.8086953905667921,0.48810914168343533,D6,pca_knn,predicted
CAGTCCTGTCTTGTCC-1-HCAHeart7844001,Endothelial,1.0,-0.0,D6,pca_knn,predicted
TTGGGTACAAGCACCC-1-HCAHeart7905332,Endothelial,1.0,-0.0,D6,pca_knn,predicted
TGAGGTTAGCAACAAT-1-HCAHeart7905328,Endothelial,0.8146635886855944,0.47938960548328385,D6,pca_knn,predicted
TTACCATGTGAGGATC-1-HCAHeart7905331,Pericytes,0.5344691179947105,0.6907690546096659,D6,pca_knn,predicted
CGTAGGCTCTGCTGTC-1-HCAHeart7844003,Endothelial,1.0,-0.0,D6,pca_knn,predicted
AACACGTAGTCTCCTC-1-HCAHeart7844004,Endothelial,1.0,-0.0,D6,pca_knn,predicted
TTCCCAGCAGCCTTTC-1-HCAHeart7880862,Atrial_Cardiomyocyte,1.0,-0.0,D6,pca_knn,predicted
CGTTAGAGTAACGATA-1-HCAHeart7905331,Endothelial,1.0,-0.0,D6,pca_knn,predicted
GGTGCGTAGACCGGAT-1-HCAHeart7844004,Endothelial,1.0,-0.0,D6,pca_knn,predicted
CACAAACCATTATCTC-1-HCAHeart7880861,Myeloid,1.0,-0.0,D6,pca_knn,predicted
CCACCTAAGTACGCGA-1-HCAHeart7880862,Fibroblast,0.3951825953204864,1.3348649626209708,D6,pca_knn,predicted
ACCTTTATCAGTGCAT-1-HCAHeart7843999,Endothelial,1.0,-0.0,D6,pca_knn,predicted
TTTGTCAAGCGTAGTG-1-HCAHeart7844004,Endothelial,1.0,-0.0,D6,pca_knn,predicted
AGCTCTCGTAGTGAAT-1-HCAHeart7844001,Endothelial,0.8134567464976659,0.48117164410945623,D6,pca_knn,predicted
TTAGTTCAGACGCACA-1-HCAHeart7844001,Endothelial,1.0,-0.0,D6,pca_knn,predicted
ATAGACCAGACCCACC-1-HCAHeart7844003,Pericytes,1.0,-0.0,D6,pca_knn,predicted
GCGAGAACATATGGTC-1-HCAHeart7888926,Ventricular_Cardiomyocyte,1.0,-0.0,D6,pca_knn,predicted
AGTGAGGAGCCAGTAG-1-HCAHeart7844000,Endothelial,1.0,-0.0,D6,pca_knn,predicted
CAACTAGAGGAGTCTG-1-HCAHeart7844001,Endothelial,1.0,-0.0,D6,pca_knn,predicted
CAGGTATGTAGACACG-1-HCAHeart7905328,Endothelial,1.0,-0.0,D6,pca_knn,predicted
AGTGAGGAGGCTAGCA-1-HCAHeart7844002,Lymphoid,0.62744824690292,0.6602998126923123,D6,pca_knn,predicted
ATGCGATAGTGGTAAT-1-HCAHeart7843999,Endothelial,1.0,-0.0,D6,pca_knn,predicted
TCGTCCAAGGTTCATC-1-HCAHeart7905329,Endothelial,0.8221915072101391,0.46805407916366204,D6,pca_knn,predicted
TACGGATGTCTACCTC-1-HCAHeart7844001,Myeloid,0.6228068439773744,0.6626733052173479,D6,pca_knn,predicted
CCTATTAGTATAGGTA-1-HCAHeart7844003,Endothelial,1.0,-0.0,D6,pca_knn,predicted
CATCGTCAGGCTAGCA-1-HCAHeart7905328,Endothelial,1.0,-0.0,D6,pca_knn,predicted
CAAGTTGAGTTTCCTT-1-HCAHeart7888926,Ventricular_Cardiomyocyte,1.0,-0.0,D6,pca_knn,predicted
TGGATGTAGGTACCTT-1-HCAHeart7905327,Endothelial,1.0,-0.0,D6,pca_knn,predicted
TTAGGCAGTCTCGTTC-1-HCAHeart7844000,Pericytes,0.5982660968477427,0.6737084438644999,D6,pca_knn,predicted
TTCATGTTCATCCCGT-1-HCAHeart7905327,Endothelial,1.0,-0.0,D6,pca_knn,predicted
CGATCGGCAAAGCAAT-1-HCAHeart7843999,Endothelial,1.0,-0.0,D6,pca_knn,predicted
TACCTATAGCAATATG-1-HCAHeart7844001,Endothelial,1.0,-0.0,D6,pca_knn,predicted
GGAACTTTCCAAGTAC-1-HCAHeart7880860,Endothelial,1.0,-0.0,D6,pca_knn,predicted
GAAGCGAGTTGTGGCC-1-HCAHeart7905328,Endothelial,1.0,-0.0,D6,pca_knn,predicted
GGTGAAGAGTTCGCGC-1-HCAHeart7844001,Endothelial,1.0,-0.0,D6,pca_knn,predicted
AGGGATGAGAAGGACA-1-HCAHeart7880861,Fibroblast,1.0,-0.0,D6,pca_knn,predicted
CCCATACGTCTCCACT-1-HCAHeart7880862,Atrial_Cardiomyocyte,1.0,-0.0,D6,pca_knn,predicted
CCTACCAGTTTAGGAA-1-HCAHeart7888926,Ventricular_Cardiomyocyte,1.0,-0.0,D6,pca_knn,predicted
TATCTCACACACCGCA-1-HCAHeart7844001,Pericytes,0.8319277038311327,0.45281638534490676,D6,pca_knn,predicted
TAAACCGCAAGAAGAG-1-HCAHeart7880862,Atrial_Cardiomyocyte,1.0,-0.0,D6,pca_knn,predicted
CATCAGAAGAATGTGT-1-HCAHeart7844003,Endothelial,0.5724793373593983,0.6826035634947943,D6,pca_knn,predicted
TTCCCAGTCGGTTAAC-1-HCAHeart7844004,Endothelial,1.0,-0.0,D6,pca_knn,predicted
GCTCCTATCAACCAAC-1-HCAHeart7844004,Smooth_muscle_cells,1.0,-0.0,D6,pca_knn,predicted
CATTATCAGCGATGAC-1-HCAHeart7880863,Fibroblast,0.7873803887758304,0.5174068405876894,D6,pca_knn,predicted
AAGTACCGTTTCACTT-1-HCAHeart7905332,Endothelial,1.0,-0.0,D6,pca_knn,predicted
CTCCTAGAGTGGACGT-1-HCAHeart7843999,Endothelial,1.0,-0.0,D6,pca_knn,predicted
TACGGTAGTTTACTCT-1-HCAHeart7844002,Lymphoid,1.0,-0.0,D6,pca_knn,predicted
ACGTCCTCAACTACGT-1-HCAHeart7905327,Endothelial,1.0,-0.0,D6,pca_knn,predicted
TGTCCCACATTGTACG-1-HCAHeart7905328,Endothelial,1.0,-0.0,D6,pca_knn,predicted
GAAACTCCATCTCGCT-1-HCAHeart7844001,Myeloid,0.8291770448957025,0.4571887162373716,D6,pca_knn,predicted
ACGATGTGTACAGTGG-1-HCAHeart7888927,Pericytes,0.5765596667724685,0.6813781725959198,D6,pca_knn,predicted
CGAGTTAGTGACATCT-1-HCAHeart7905332,Endothelial,1.0,-0.0,D6,pca_knn,predicted
AAACCTGTCTCGGACG-1-HCAHeart7844001,Endothelial,1.0,-0.0,D6,pca_knn,predicted
AGCTTCCTCGGTGTTA-1-HCAHeart7905328,Smooth_muscle_cells,0.5428486343673291,0.6894706618154606,D6,pca_knn,predicted
CTGAAACAGGACGAAA-1-HCAHeart7880861,Ventricular_Cardiomyocyte,1.0,-0.0,D6,pca_knn,predicted
AAGGTTCAGACCTTTG-1-HCAHeart7844004,Endothelial,1.0,-0.0,D6,pca_knn,predicted
GAGATGGCAAAGCTCT-1-HCAHeart7905332,Endothelial,1.0,-0.0,D6,pca_knn,predicted
TTGCCGTAGGTGACCA-1-HCAHeart7844003,Pericytes,1.0,-0.0,D6,pca_knn,predicted
GGATGTTAGTGCGATG-1-HCAHeart7888927,Ventricular_Cardiomyocyte,1.0,-0.0,D6,pca_knn,predicted
TCTTCGGGTAAACCTC-1-HCAHeart7844001,Endothelial,1.0,-0.0,D6,pca_knn,predicted
GTCTCGTTCGGTTCGG-1-HCAHeart7888926,Ventricular_Cardiomyocyte,1.0,-0.0,D6,pca_knn,predicted
GCACGGTTCAGTCCGG-1-HCAHeart7905327,Endothelial,1.0,-0.0,D6,pca_knn,predicted
GGAAGTGAGTGACACG-1-HCAHeart7905331,Endothelial,1.0,-0.0,D6,pca_knn,predicted
GTTTCTACATAGACTC-1-HCAHeart7844001,Lymphoid,0.5577202464551941,0.6864690477492941,D6,pca_knn,predicted
AGCTCAAGTGGCTTGC-1-HCAHeart7905330,Endothelial,1.0,-0.0,D6,pca_knn,predicted
ATTGGTGAGGCCGAAT-1-HCAHeart7880862,Atrial_Cardiomyocyte,1.0,-0.0,D6,pca_knn,predicted
GATGCTAAGGGAGTAA-1-HCAHeart7844004,Endothelial,1.0,-0.0,D6,pca_knn,predicted
GTTGCGGAGCATTTGC-1-HCAHeart7905332,Endothelial,1.0,-0.0,D6,pca_knn,predicted
ACGCCGAGTTCTGTTT-1-HCAHeart7844001,Myeloid,0.5425177521480133,0.689527292087609,D6,pca_knn,predicted
GCACGGTCAAAGGCAC-1-HCAHeart7905327,Endothelial,1.0,-0.0,D6,pca_knn,predicted
TGTGGTATCTTGCAAG-1-HCAHeart7880860,Endothelial,0.4238630460425162,1.0466505862673596,D6,pca_knn,predicted
AAGGCAGTCATAAAGG-1-HCAHeart7844001,Endothelial,1.0,-0.0,D6,pca_knn,predicted
