cell_id,Adipocytes,Atrial_Cardiomyocyte,Endothelial,Fibroblast,Lymphoid,Mesothelial,Myeloid,Neuronal,Pericytes,Smooth_muscle_cells,Ventricular_Cardiomyocyte
CGATCGGCACCGAATT-1-HCAHeart7843999,0.07857728,0.09804062,0.13755697,0.07986191,0.07626885,0.11505999,0.067980036,0.045015786,0.046563234,0.07872976,0.17634547
GAGACTTCAACGCCCA-1-HCAHeart7905332,0.06351151,0.08951099,0.07347786,0.12757541,0.048638478,0.12312169,0.08299459,0.05701749,0.05652597,0.1428175,0.13480847
CACCTTGGTCAGCTAT-1-HCAHeart7844001,0.08250771,0.09014304,0.11555832,0.07744295,0.092896804,0.123718776,0.06687667,0.048327874,0.041668814,0.092884235,0.16797476
TGGACGCCAAGACGTG-1-HCAHeart7880862,0.074965976,0.12541038,0.080589555,0.079541154,0.039586384,0.097636774,0.07664417,0.050678138,0.056614228,0.08990893,0.2284243
TAGTGGTGTTGTCGCG-1-HCAHeart7844004,0.07840357,0.10964842,0.14851515,0.080216296,0.06834548,0.10615971,0.053891964,0.050292138,0.050355017,0.05740915,0.19676314
AAGGCAGTCCAAACTG-1-HCAHeart7844001,0.072023645,0.08420703,0.08723098,0.09562692,0.080318436,0.1264094,0.073717736,0.057530575,0.045208875,0.12872447,0.14900197
TTAATCCAGGTCGCCT-1-HCAHeart7905329,0.076277144,0.087795325,0.0943227,0.09290354,0.08463412,0.12286987,0.07519614,0.056205068,0.046875656,0.11671391,0.14620669
ATTCACTAGTAAGACT-1-HCAHeart7905328,0.07419955,0.108257346,0.14468181,0.076938234,0.06254057,0.10955294,0.06909163,0.043936428,0.049021948,0.06979175,0.19198781
TGAGGGATCGTTGCCT-1-HCAHeart7844000,0.080332726,0.09470518,0.15287367,0.074598655,0.08189509,0.10548891,0.051310144,0.052697975,0.050317343,0.06352044,0.19225994
GGACAAGCACTCAGGC-1-HCAHeart7844001,0.083772406,0.088620685,0.1252971,0.074057795,0.09479288,0.11538637,0.058441292,0.052699428,0.044885073,0.08075971,0.18128724
CACCGTTGTCAGTTTG-1-HCAHeart7905328,0.07455251,0.09220722,0.1247797,0.08732765,0.076230936,0.1169544,0.07104362,0.050285567,0.04751784,0.09166559,0.1674349
AGCAGCCGTCTACCTC-1-HCAHeart7844003,0.0729741,0.08978689,0.10845985,0.08652882,0.075527795,0.12099515,0.07188591,0.054128714,0.046171803,0.102143735,0.17139728
TTGTAGGAGTCAATAG-1-HCAHeart7888926,0.0939562,0.11849564,0.06600886,0.08622249,0.048017196,0.09890571,0.07381522,0.05412895,0.05960272,0.10740691,0.19344008
TGAGCATTCTTAGAGC-1-HCAHeart7844004,0.07764232,0.11674666,0.1579098,0.08021384,0.05829396,0.10105006,0.06315729,0.04202334,0.05109549,0.05613654,0.19573067
TCGGGACAGAGCTATA-1-HCAHeart7844002,0.07889616,0.09428576,0.12934509,0.08052024,0.07654967,0.11412882,0.06511582,0.04837401,0.047048908,0.08351675,0.18221882
CTGCCTACATGTAAGA-1-HCAHeart7888927,0.06948535,0.12052406,0.083214,0.0923067,0.046581246,0.119856425,0.05843636,0.060199782,0.04731514,0.07690618,0.22517468
CACAGGCTCACCGTAA-1-HCAHeart7844002,0.07914411,0.091108985,0.09089845,0.0872019,0.11986702,0.14291641,0.053381298,0.06107231,0.03533605,0.08924962,0.14982384
CCATGTCTCAAACAAG-1-HCAHeart7843999,0.07869264,0.09824407,0.14463341,0.08042468,0.0813022,0.116239406,0.061529372,0.046828404,0.046405468,0.07157006,0.17413026
CATCAAGCACAGACAG-1-HCAHeart7844004,0.08585171,0.0873069,0.13058655,0.0743876,0.10257306,0.11522032,0.057045378,0.051681776,0.043814786,0.079506114,0.17202577
AATCCAGTCGAACGGA-1-HCAHeart7844003,0.07848355,0.09639991,0.13852502,0.07941192,0.081058264,0.11545109,0.06366498,0.04804952,0.045743495,0.077806026,0.17540617
ATTACTCCACATTCGA-1-HCAHeart7844003,0.0742074,0.09113907,0.10385198,0.089428484,0.09226026,0.12309744,0.06091947,0.065116614,0.04431921,0.09983579,0.15582426
GTGCAGCAGGCAATTA-1-HCAHeart7844001,0.081672855,0.1026496,0.15168394,0.080047056,0.07806806,0.11494365,0.07035636,0.040151887,0.04758789,0.070218295,0.16262044
GCATGCGCAGTCACTA-1-HCAHeart7844001,0.08295212,0.09793436,0.14849128,0.07352571,0.074801296,0.10239615,0.053859394,0.048582163,0.051108774,0.06305683,0.20329186
TTCTTAGCAGCTGTGC-1-HCAHeart7888926,0.068225525,0.11462622,0.069011256,0.116231285,0.051750053,0.1488043,0.054407403,0.063876994,0.04391685,0.081840806,0.18730928
GTCTCGTCACAGGAGT-1-HCAHeart7844001,0.077185184,0.11079249,0.10895314,0.09221494,0.06432614,0.1357707,0.08075757,0.038943082,0.044824556,0.083958164,0.16227406
ATTGGACCATCACCCT-1-HCAHeart7880860,0.074857414,0.097993284,0.07582264,0.10677416,0.063752465,0.13780451,0.060138542,0.05524918,0.040975958,0.09869101,0.1879409
CATATGGAGCCCAACC-1-HCAHeart7844000,0.08026052,0.10162085,0.083757445,0.08127439,0.086206004,0.13237,0.057678346,0.058903098,0.0406047,0.088305846,0.18901871
ACACTGACAAACCTAC-1-HCAHeart7844004,0.08699973,0.095100835,0.15399584,0.07484919,0.08927982,0.11572753,0.05892181,0.042455975,0.045846216,0.06710236,0.16972071
TGACAACAGCTAGTCT-1-HCAHeart7844000,0.07297448,0.1035347,0.08219589,0.10368501,0.06499594,0.1373502,0.06778568,0.054687265,0.044394102,0.0997202,0.16867642
TGGTTAGAGGGAGTAA-1-HCAHeart7844004,0.08800866,0.0955157,0.1344037,0.07112859,0.08575535,0.11670388,0.06259469,0.043534987,0.04485403,0.07524161,0.18225877
TCAACGATCTTCTGGC-1-HCAHeart7844004,0.075962454,0.09707413,0.12905686,0.08438518,0.07308676,0.11654893,0.06348421,0.049715906,0.04701441,0.080759466,0.1829117
TTTCCTCCAATCTACG-1-HCAHeart7844004,0.08094585,0.086836174,0.10353336,0.082231626,0.09427456,0.12656066,0.065579474,0.052581407,0.042052623,0.09912274,0.16628154
CAGAATCTCTGCAGTA-1-HCAHeart7880862,0.07121061,0.123158805,0.08272557,0.08312148,0.036207847,0.10053258,0.074063115,0.053183172,0.05796337,0.085584864,0.23224859
GTACGTATCTACTCAT-1-HCAHeart7888926,0.06835221,0.097900875,0.08081103,0.12619528,0.050537314,0.13526632,0.072544225,0.055013277,0.05096951,0.113402866,0.14900716
CTCGTCAGTAAACACA-1-HCAHeart7844003,0.07910473,0.08455696,0.085002616,0.09063341,0.09497407,0.12567253,0.06469647,0.060456965,0.04281527,0.12487424,0.14721267
CAGCTAAAGAGTGAGA-1-HCAHeart7888926,0.072457604,0.12670225,0.07244059,0.11097913,0.046222184,0.13095969,0.05918058,0.063315354,0.049083903,0.074855216,0.1938035
TCGTAGATCCACGTTC-1-HCAHeart7844001,0.0836508,0.09831903,0.1340407,0.084127486,0.0805053,0.119062774,0.07533674,0.040724255,0.04680268,0.08152131,0.15590891
AAACCTGCACAAGTAA-1-HCAHeart7844003,0.08090015,0.12393737,0.14102493,0.08822001,0.051587593,0.09807134,0.06525958,0.046168763,0.056601305,0.05561191,0.1926171
ACACCCTAGTTGAGAT-1-HCAHeart7844003,0.078563154,0.0984593,0.117921926,0.08711263,0.0766365,0.12826933,0.07188894,0.044533577,0.044483893,0.08606713,0.16606362
CAGCGACGTCTCCATC-1-HCAHeart7888927,0.07272019,0.11975264,0.078584336,0.09894723,0.04435973,0.117154524,0.062390096,0.05949338,0.05008618,0.08284883,0.21366286
CTGCCTAGTACTCGCG-1-HCAHeart7844001,0.07792337,0.11141318,0.13233247,0.08492105,0.054516837,0.100902505,0.06551464,0.046160575,0.055393167,0.06783572,0.20308654
CAGGTGCGTGACGGTA-1-HCAHeart7844001,0.075418435,0.09055852,0.11563088,0.08458198,0.08109681,0.11997661,0.073030494,0.05249457,0.04585356,0.097519234,0.1638389
GCGGGTTGTGCGCTTG-1-HCAHeart7843999,0.07532209,0.089513116,0.11561662,0.084311575,0.08229563,0.118781835,0.072214045,0.05349788,0.046432313,0.09686102,0.16515392
CGAGTGCTCGTTAGAC-1-HCAHeart7905332,0.07818922,0.104529016,0.13435076,0.081096515,0.07247531,0.122678965,0.0731377,0.04028262,0.044849243,0.07694771,0.17146297
CGGAGCTGTGGGTATG-1-HCAHeart7843999,0.07561099,0.104782745,0.12966308,0.08883208,0.06535271,0.11912594,0.07224,0.044831693,0.048381016,0.07826328,0.17291638
TGAATCGCAAAGGCAC-1-HCAHeart7905332,0.07633408,0.11493887,0.13716242,0.08476187,0.049989432,0.100416966,0.067875214,0.043400954,0.0521203,0.06482002,0.20817989
GTGCTTCTCTCTTGAT-1-HCAHeart7843999,0.08538028,0.096793495,0.13969633,0.07222525,0.08791964,0.11721791,0.061968647,0.04445216,0.044227146,0.072564155,0.17755497
CAGATCAGTTCAGTAC-1-HCAHeart7844000,0.08370419,0.091995075,0.10585031,0.080104366,0.09506148,0.12636988,0.06561865,0.05152077,0.04146987,0.09116146,0.1671439
TGGAGAGAGGGCAATC-1-HCAHeart7905331,0.076578364,0.098663695,0.09684514,0.091067754,0.07869745,0.13818403,0.07301127,0.048172686,0.041969992,0.0934978,0.16331188
CGGGTCATCCACGCAG-1-HCAHeart7843999,0.07415026,0.086680874,0.11128727,0.08927431,0.08810278,0.12405083,0.067519404,0.05567511,0.044479728,0.10148491,0.15729447
CCCAGTTAGTAGCGGT-1-HCAHeart7844001,0.07515884,0.08465307,0.08430772,0.09553315,0.088687345,0.12590879,0.069497086,0.061607745,0.044820998,0.12776457,0.14206065
GAAGCAGCACCATCCT-1-HCAHeart7843999,0.076741256,0.09511241,0.10692587,0.09357122,0.08194133,0.13517523,0.07997753,0.04465521,0.04303855,0.09599157,0.14686984
ACGAGCCGTAAAGGAG-1-HCAHeart7844003,0.07761898,0.094024226,0.13795549,0.08179855,0.08103465,0.113435276,0.06696196,0.048696183,0.046915114,0.08225236,0.16930725
CTCACACCATTTGCCC-1-HCAHeart7844000,0.08084753,0.08633246,0.10260734,0.08289403,0.099894345,0.12513478,0.07055875,0.05319021,0.042005174,0.105367616,0.1511677
CCTAACCCAGCGTTTA-1-HCAHeart7905328,0.07601846,0.095618166,0.12609583,0.08563669,0.07446768,0.11926188,0.07121514,0.047468312,0.047592808,0.08533737,0.17128772
GGGCACTTCGGAAACG-1-HCAHeart7844004,0.08720155,0.09128095,0.16194294,0.06645813,0.09178148,0.10544689,0.047900997,0.048705697,0.04723795,0.059305783,0.1927376
CGTTGGGGTCAAGCGA-1-HCAHeart7844001,0.07435431,0.094118044,0.0740689,0.10925448,0.058973424,0.11601125,0.07804881,0.056277867,0.058540434,0.14170262,0.13864987
CCAATCCGTTCCTCCA-1-HCAHeart7844001,0.07744351,0.11233075,0.079336405,0.093103774,0.068537764,0.1357826,0.07441688,0.052261367,0.04434053,0.08906819,0.1733783
ATCTGCCGTTGTACAC-1-HCAHeart7880862,0.075715646,0.14309385,0.0866178,0.0710005,0.039688427,0.102127925,0.08161276,0.048800938,0.052988365,0.07385103,0.22450286
CGAACATCAGCTGTTA-1-HCAHeart7844004,0.07627669,0.09899769,0.12611029,0.08282906,0.066884056,0.11323776,0.068523824,0.0487039,0.04885192,0.08325963,0.18632512
GACGTGCCATTCTTAC-1-HCAHeart7844001,0.074533835,0.09880476,0.08177413,0.1062852,0.07195041,0.13432987,0.07421369,0.056052573,0.045497626,0.109319545,0.14723834
TTACCGCCAGTTTGGT-1-HCAHeart7905331,0.07849097,0.09965749,0.14196517,0.07697856,0.07826381,0.11573307,0.06422254,0.045359526,0.045438983,0.07381839,0.18007152
AGCGTATTCTTGTTTG-1-HCAHeart7844001,0.07771541,0.093298644,0.110538185,0.09340206,0.0803714,0.13260123,0.06307242,0.048224244,0.042689115,0.09133876,0.16674848
TCAACGACATACTCTT-1-HCAHeart7844004,0.071208045,0.09566379,0.11517336,0.09672099,0.07305613,0.12259669,0.06358623,0.054399982,0.04765596,0.088516735,0.17142211
ATCCGAAGTGACCAAG-1-HCAHeart7843999,0.07930381,0.08957912,0.09949207,0.089775786,0.08193128,0.120268255,0.07988819,0.05014952,0.049161285,0.11459978,0.14585093
CCTCTGAAGATGGCGT-1-HCAHeart7844001,0.078245044,0.086280055,0.104674086,0.08508334,0.103204966,0.12508269,0.0680593,0.05748375,0.042023353,0.10439768,0.14546567
GGTGTTAGTCCAAGTT-1-HCAHeart7844004,0.08439715,0.1017054,0.08664045,0.088389345,0.08068227,0.12740982,0.06679952,0.054957937,0.043321405,0.09732559,0.16837104
CCTTTCTAGTGTTGAA-1-HCAHeart7844004,0.078339174,0.10701518,0.16456714,0.07558656,0.060788665,0.09602196,0.055072393,0.04931892,0.05671309,0.052927498,0.20364948
CCCAACTTCAACGCTA-1-HCAHeart7905332,0.07354527,0.08916693,0.096319824,0.09253792,0.073850445,0.12160864,0.07963509,0.052307066,0.049419243,0.1195122,0.15209733
AGTGATCGTGTCTCCT-1-HCAHeart7905328,0.07848112,0.09894017,0.1454875,0.07919236,0.08374163,0.11582547,0.061044827,0.048114832,0.045915015,0.070373245,0.17288397
ATCATGGAGTGAACGC-1-HCAHeart7844004,0.07642907,0.093073994,0.122019246,0.082800984,0.07573329,0.11783027,0.06533243,0.050408255,0.04680258,0.08674033,0.18282962
CAGAGAGTCGATGAGG-1-HCAHeart7844003,0.08175521,0.10266246,0.16158208,0.07624548,0.07216777,0.10550193,0.058655787,0.043556564,0.052119102,0.059293613,0.18645999
ACTGAGTTCACGACTA-1-HCAHeart7844000,0.091073014,0.088648014,0.11875749,0.07170534,0.10988406,0.12199322,0.053620283,0.0482187,0.039625656,0.07905728,0.1774169
GGTTCTCCAGCGTTGC-1-HCAHeart7905327,0.08386096,0.09882073,0.12861058,0.07630462,0.08381247,0.121132955,0.06795413,0.043256927,0.04344647,0.079188086,0.17361207
CTACCCACAATCGGTT-1-HCAHeart7844004,0.08417222,0.0988775,0.14458278,0.0733822,0.07944576,0.11439856,0.058008026,0.045174822,0.04627177,0.067940384,0.18774606
AACTCTTTCGTTTAGG-1-HCAHeart7844000,0.08025002,0.10614365,0.1616212,0.07712107,0.06829245,0.10282356,0.05701905,0.042824768,0.0492812,0.05893403,0.19568901
TGCGCAGGTTGGTGGA-1-HCAHeart7880862,0.08289738,0.12795083,0.08878594,0.07933895,0.03977521,0.0951823,0.0672416,0.057033673,0.06570333,0.081940815,0.21414997
CTTCCGAGTTCCAAAC-1-HCAHeart7905332,0.08048673,0.10022709,0.14675747,0.07697493,0.07557252,0.11122028,0.06435856,0.043922927,0.04739334,0.07173038,0.18135582
CGGGACTTCATTTGTC-1-HCAHeart7905327,0.07466668,0.1145306,0.14114492,0.088373095,0.058459185,0.115335956,0.07329999,0.042022955,0.052834373,0.06516322,0.1741689
CGCCAAGAGAAACCAT-1-HCAHeart7844003,0.088328384,0.09203559,0.14566535,0.07078791,0.09745384,0.11662583,0.05686222,0.04482435,0.04320916,0.070865296,0.17334212
TTGTAGGTCTGTCAAG-1-HCAHeart7844001,0.0774393,0.08803751,0.110185064,0.09017726,0.08521155,0.12331966,0.067752615,0.05325685,0.04533632,0.098734416,0.16054949
TGTTCATTCGACGCGT-1-HCAHeart7905330,0.07501744,0.09588397,0.08675395,0.104013056,0.06421839,0.11987001,0.07316424,0.057336316,0.051713288,0.11610623,0.15592305
AAAGCAATCAGGCAAG-1-HCAHeart7880861,0.06386445,0.117749795,0.06177213,0.14344597,0.05599378,0.1598016,0.071126044,0.06396491,0.03849953,0.095543414,0.12823837
ACGATGTGTCCCTACT-1-HCAHeart7844004,0.072392754,0.09033422,0.10784437,0.09079581,0.06860893,0.11837154,0.069414414,0.054203,0.049208254,0.099955514,0.17887123
GATTCAGAGAGGGATA-1-HCAHeart7843999,0.083493315,0.10054357,0.12396902,0.0772683,0.081836864,0.12199754,0.0639092,0.045366578,0.042919207,0.07805898,0.18063748
GTAACGTTCGTTACGA-1-HCAHeart7844001,0.07981899,0.09071083,0.10275308,0.08398435,0.086917184,0.12190419,0.06964134,0.053893235,0.04374444,0.10449098,0.16214141
GGTATTGTCTGCAAGT-1-HCAHeart7843999,0.08363014,0.08897767,0.1133836,0.07931082,0.11822986,0.13341251,0.06803046,0.047585607,0.037711356,0.08896549,0.14076239
TGCCAAATCATGTGGT-1-HCAHeart7844001,0.08201562,0.10981228,0.08555393,0.09359082,0.09143446,0.15202813,0.065074384,0.049571324,0.038562544,0.077399686,0.15495686
TTCTCCTAGCCTCGTG-1-HCAHeart7844003,0.08787321,0.10956404,0.09753103,0.071413964,0.08700729,0.12379861,0.0652324,0.047153298,0.03937019,0.07946578,0.19159016
CTGAAACGTGAGTGAC-1-HCAHeart7844000,0.08328272,0.10465618,0.15237267,0.074433506,0.07162555,0.10624994,0.06646703,0.04094567,0.048987575,0.067547895,0.1834312
TGTGTGAAGTATGCAA-1-HCAHeart7905331,0.08196896,0.097161084,0.14257553,0.075721614,0.08335599,0.11361418,0.06431989,0.04513224,0.04572094,0.07443758,0.1759919
AGCATACCACGGTAGA-1-HCAHeart7843999,0.07856713,0.09301309,0.12361056,0.08224115,0.09535692,0.12739392,0.06504955,0.049791902,0.04096954,0.08591159,0.15809463
TGCTGCTTCTTCCTTC-1-HCAHeart7844001,0.09557732,0.097810045,0.10228239,0.07123978,0.13991308,0.13841459,0.053741448,0.04826025,0.034104608,0.06837999,0.15027647
GCCATTCCAGAAGCTG-1-HCAHeart7905328,0.08044313,0.0964737,0.123790905,0.082362324,0.07965305,0.12200391,0.067774676,0.045457777,0.04441271,0.08429065,0.17333709
TCTGAGAGTGATGTCT-1-HCAHeart7844001,0.08990126,0.09430421,0.13826868,0.07515954,0.09436139,0.12057153,0.065948375,0.040727366,0.043849353,0.075611465,0.16129687
TATTGCTTCCTGGGAC-1-HCAHeart7905329,0.08146014,0.103433825,0.1374066,0.07516761,0.074760914,0.11653924,0.06441725,0.04264412,0.04473478,0.07289529,0.18654025
TACCTTATCGCTTAGA-1-HCAHeart7844000,0.09366435,0.096089154,0.13658139,0.067196175,0.095121674,0.11855572,0.058398325,0.041319784,0.043101646,0.06860284,0.18136904
CAGTAACCACCAACCG-1-HCAHeart7844004,0.07877415,0.098523386,0.14161086,0.076787814,0.082925856,0.115527496,0.060964473,0.047910366,0.044619564,0.07333636,0.17901964
TATTACCGTTGGAGGT-1-HCAHeart7844003,0.07325372,0.09785803,0.08994481,0.09766661,0.07286471,0.13305067,0.069137506,0.056247134,0.043574594,0.104899034,0.16150321
AAAGGTAGTGACACAG-1-HCAHeart7905328,0.07493326,0.09300425,0.12618138,0.08541584,0.07821278,0.12082502,0.0719203,0.046710134,0.045437608,0.091209225,0.16615024
CCTACACCATTATCTC-1-HCAHeart7844000,0.09003281,0.09692305,0.14540032,0.069688156,0.0886337,0.115834825,0.06746131,0.038972262,0.044981297,0.07176262,0.17030966
CGCTATCCAACGATGG-1-HCAHeart7844004,0.07866797,0.10030442,0.14140126,0.07877448,0.07924746,0.11752933,0.06320696,0.045520935,0.044600215,0.07390302,0.17684397
TTGACTTCAAGAAAGG-1-HCAHeart7844004,0.084358945,0.086711906,0.09939138,0.08647466,0.10426341,0.12549667,0.06808864,0.05330488,0.041414604,0.10926738,0.1412275
GGACAAGGTGTTTGGT-1-HCAHeart7843999,0.08683163,0.10081185,0.12237665,0.07431727,0.085098326,0.12157067,0.06800252,0.04301324,0.04362448,0.07711118,0.17724219
AAAGTAGTCTGAGGGA-1-HCAHeart7844004,0.08536957,0.09870886,0.15882993,0.071639396,0.07839843,0.10474047,0.059908636,0.04416425,0.050872967,0.06284249,0.184525
GGCGACTTCAGGCCCA-1-HCAHeart7843999,0.078226164,0.10252248,0.13849477,0.079853825,0.07065771,0.114980295,0.07093502,0.043059513,0.047628768,0.07567056,0.17797083
TCAATCTGTGTCTGAT-1-HCAHeart7843999,0.08128955,0.10792083,0.14108373,0.07219917,0.07391006,0.1166294,0.063801,0.040792905,0.043399032,0.06878854,0.19018589
AGTCTTTAGTAATCCC-1-HCAHeart7843999,0.07619242,0.097846374,0.13579623,0.080503054,0.07261974,0.113917574,0.06686966,0.047063917,0.047320787,0.08008427,0.18178596
TCGGGACCAATGCCAT-1-HCAHeart7844004,0.09281904,0.088338874,0.14561328,0.07159665,0.105482966,0.11965216,0.058905292,0.04297623,0.043899503,0.07131263,0.1594034
TCAGGTAAGGTAGCTG-1-HCAHeart7844003,0.08227945,0.094349176,0.1402222,0.076298855,0.08894444,0.11836343,0.06175778,0.045173667,0.043648068,0.07730878,0.17165421
CTCATTAGTACCGTTA-1-HCAHeart7844001,0.085381,0.10198409,0.13965937,0.07421355,0.08080502,0.11850836,0.0686699,0.04060016,0.045139316,0.072343074,0.17269608
GCATGCGGTTATGCGT-1-HCAHeart7844001,0.0722431,0.08696632,0.11109588,0.08468503,0.08716804,0.124480605,0.06779182,0.05581782,0.04336499,0.10198122,0.16440518
GCTGGGTAGCAGATCG-1-HCAHeart7844001,0.09737167,0.088760465,0.12835383,0.071274206,0.10637695,0.12200233,0.057305977,0.044111617,0.04314128,0.073681585,0.16762017
CACAGGCGTCGAACAG-1-HCAHeart7843999,0.07624866,0.08939331,0.101231225,0.091925964,0.083498076,0.12240047,0.08092441,0.05227137,0.046704665,0.1118173,0.14358465
TGTCAGACAGGTTTAC-1-HCAHeart7905327,0.07863553,0.09575509,0.12887812,0.079323895,0.08100978,0.11842483,0.06175307,0.04999079,0.045152236,0.07886228,0.18221436
TTTGGTTTCGGCTGAC-1-HCAHeart7905329,0.08371896,0.09881727,0.14127937,0.07200952,0.0833101,0.112768345,0.06379564,0.04478934,0.045121357,0.072944,0.18144602
CTCTAATCAGATGGCA-1-HCAHeart7843999,0.08312547,0.09960515,0.1597007,0.07128705,0.07751882,0.11085517,0.060254563,0.042081516,0.04786343,0.063837856,0.1838703
TACCTTAAGATCACGG-1-HCAHeart7880861,0.062027816,0.10757195,0.085256696,0.12571,0.049409643,0.12712795,0.06428021,0.06304897,0.052918933,0.09588098,0.16676685
TTCTTAGGTAAATGTG-1-HCAHeart7844004,0.081702575,0.09911967,0.14252587,0.07679169,0.0796163,0.114198826,0.06677625,0.043349355,0.046229783,0.074566245,0.17512338
GATTCAGGTGATGTCT-1-HCAHeart7844004,0.07246387,0.098940924,0.12890239,0.088800535,0.06734864,0.11634676,0.071025714,0.048878048,0.04830304,0.08429494,0.17469515
TCGAGGCAGCACCGCT-1-HCAHeart7844004,0.08619433,0.09906056,0.1407873,0.07559383,0.07991459,0.11577628,0.06695149,0.04025795,0.04759546,0.072713144,0.17515504
TTGCCGTGTTGGTAAA-1-HCAHeart7844004,0.07977702,0.106344804,0.14862129,0.08023058,0.06789087,0.10566321,0.05934548,0.04608362,0.05164172,0.062325202,0.19207609
CATTCGCCATGCCCGA-1-HCAHeart7844003,0.07386825,0.102585234,0.11494299,0.08845191,0.09373764,0.13849388,0.05896526,0.053705074,0.038774684,0.076063395,0.16041178
CCGGTAGCAAACCTAC-1-HCAHeart7888927,0.071062624,0.09748214,0.07082732,0.12867153,0.06054353,0.12289661,0.074631505,0.05778827,0.050353967,0.13275982,0.13298263
CCACTACAGCTGTTCA-1-HCAHeart7844004,0.083763584,0.097283125,0.15494855,0.07818348,0.080582365,0.11283117,0.06158556,0.04236003,0.04753731,0.06808181,0.17284304
CCGTTCAAGACAGAGA-1-HCAHeart7843999,0.06659125,0.09615349,0.09893304,0.10045746,0.067349605,0.13107984,0.07341923,0.05605905,0.04587134,0.10422045,0.15986522
GACAGAGCACAGGAGT-1-HCAHeart7844004,0.07539238,0.08340373,0.11012644,0.086667225,0.09767656,0.124896474,0.06824004,0.05535611,0.042727873,0.10604122,0.14947198
AGCGTCGAGGATGCGT-1-HCAHeart7844004,0.0865035,0.09881479,0.11990139,0.071458325,0.09509186,0.121936776,0.06149918,0.046538208,0.039503433,0.078860775,0.17989185
GGTGCGTAGAGTGAGA-1-HCAHeart7843999,0.08370376,0.09620294,0.14501363,0.07738257,0.08525955,0.113337874,0.064869605,0.043570068,0.046108834,0.07475965,0.16979143
GCAGCCACATGCCACG-1-HCAHeart7844004,0.091045074,0.09656857,0.14709312,0.07267267,0.098297276,0.120615415,0.04957306,0.04750655,0.04398161,0.058645736,0.17400092
GCAAACTAGAAGGTGA-1-HCAHeart7844000,0.076212965,0.103658766,0.14308839,0.08091206,0.07466277,0.11517829,0.060720097,0.045914892,0.04588484,0.07031492,0.18345205
TCAGCAAAGGTGTGGT-1-HCAHeart7880862,0.06979517,0.120685674,0.10816825,0.074020244,0.046428043,0.10577686,0.06483861,0.049804423,0.05009149,0.07323195,0.23715933
TTGCCGTCAATCGGTT-1-HCAHeart7844003,0.079867765,0.08672478,0.11707078,0.08562932,0.0914963,0.118468784,0.06928546,0.052552488,0.046518803,0.095842876,0.15654269
ACTGTCCCATCGCTGG-1-HCAHeart7905332,0.06823768,0.09413995,0.08201324,0.106408626,0.05566957,0.1206872,0.085582174,0.05237863,0.056272663,0.13219348,0.14641675
GAAACTCCATCGGACC-1-HCAHeart7843999,0.080143146,0.09794432,0.09551521,0.08418273,0.097402684,0.13952868,0.0672563,0.04974315,0.037543435,0.08985088,0.16088966
CTCCTAGTCGGTGTTA-1-HCAHeart7844001,0.087792106,0.09532668,0.15144187,0.071180336,0.08315493,0.11209871,0.057996992,0.042870495,0.048435487,0.06518526,0.18451709
TCGCGTTAGACAATAC-1-HCAHeart7844004,0.080806516,0.097600006,0.1562384,0.07535466,0.0767764,0.10420762,0.056081638,0.047966227,0.05056804,0.06454432,0.18985617
TACGGTAAGACGCAAC-1-HCAHeart7844004,0.081859306,0.09998765,0.1122812,0.08303258,0.108930476,0.14267533,0.0661754,0.04362422,0.036531005,0.078946486,0.14595631
CCCTTAGGTCCGACGT-1-HCAHeart7905332,0.07539154,0.10086817,0.12889694,0.08717772,0.067495026,0.118205234,0.07081353,0.04563883,0.04806,0.08119622,0.17625664
CGTCACTTCAGGTTCA-1-HCAHeart7844001,0.0810672,0.10150113,0.13927606,0.07638504,0.073621616,0.11162813,0.0715505,0.042347346,0.047876403,0.07559925,0.17914736
CTCGTCACACGCTTTC-1-HCAHeart7843999,0.08038684,0.10133572,0.10325542,0.081619635,0.07441217,0.12340179,0.06938535,0.047569495,0.043935753,0.08629708,0.18840072
CATGGATTCCGCATAA-1-HCAHeart7905328,0.07792274,0.10134993,0.11572341,0.08279197,0.08212026,0.1305456,0.067819916,0.046854366,0.042480912,0.07988132,0.17250958
CTCGGAGGTTCTCATT-1-HCAHeart7844001,0.08832062,0.082384475,0.10127638,0.072436035,0.14217417,0.12900043,0.047521617,0.05927331,0.034322336,0.08941042,0.15388018
ACCAGTAGTAGTACCT-1-HCAHeart7888927,0.07393692,0.105592586,0.07145787,0.10736107,0.053306494,0.12919259,0.058093473,0.060921554,0.045831967,0.09604723,0.19825825
CCCATACGTTGATTGC-1-HCAHeart7844001,0.0779782,0.097289644,0.088331245,0.083035044,0.10365803,0.14313039,0.053479098,0.06009172,0.035010856,0.0877157,0.17028001
TCACGGGTCAGCTGAT-1-HCAHeart7905328,0.07451926,0.10523195,0.1352294,0.089893825,0.059186287,0.11457252,0.07674818,0.040633492,0.050776657,0.0765884,0.17662007
ACGAGGACACAGGTTT-1-HCAHeart7844004,0.08274925,0.10148848,0.14698018,0.074414656,0.07835665,0.11222481,0.064350516,0.042347565,0.04639431,0.06970045,0.18099307
GATCTAGTCAGCTCTC-1-HCAHeart7880862,0.073707946,0.13030611,0.064913966,0.110475376,0.037961733,0.116828114,0.07018879,0.053893413,0.054346338,0.084761105,0.2026171
CTAATGGCAAGTAATG-1-HCAHeart7844001,0.09032621,0.087071806,0.111179926,0.07642744,0.10269648,0.12159765,0.05883561,0.05039344,0.041249372,0.0912526,0.16896951
GGTGAAGCAACGATCT-1-HCAHeart7844004,0.084782675,0.09372983,0.14472508,0.07599856,0.08518435,0.11736383,0.057131786,0.044021193,0.046056394,0.07021044,0.18079585
TCACAAGCAATGTAAG-1-HCAHeart7844001,0.08127977,0.10874587,0.087899655,0.08664796,0.0784572,0.13750063,0.06550387,0.051640805,0.042805403,0.079085805,0.18043302
GAAATGAGTTCGTTGA-1-HCAHeart7844004,0.08382469,0.097272776,0.140981,0.07254382,0.08677814,0.115009695,0.05961929,0.04584321,0.044172753,0.0717672,0.18218742
GGGCCATAGGCATCTT-1-HCAHeart7905328,0.08023472,0.11054024,0.14547762,0.07472826,0.06442187,0.10350285,0.06949899,0.04118853,0.04952427,0.06809114,0.19279158
CCACCTAGTAGTACCT-1-HCAHeart7844003,0.091615625,0.08685537,0.10046036,0.08586441,0.12742169,0.12920877,0.061984006,0.0527135,0.039352342,0.09576469,0.12875928
CAGATCAGTCTAAACC-1-HCAHeart7844004,0.08690286,0.095920034,0.14351344,0.07536859,0.08308057,0.107408814,0.061207045,0.0446504,0.048175696,0.071828574,0.18194406
AGCTCTCGTCAATGTC-1-HCAHeart7888926,0.078146785,0.09031449,0.095544465,0.083713196,0.09121292,0.13326316,0.05859649,0.0546843,0.03931475,0.09549089,0.17971858
CTCGTCACAAACAACA-1-HCAHeart7843999,0.08553095,0.1011059,0.13412437,0.07056875,0.08118873,0.11548387,0.06454646,0.042579636,0.04314634,0.075800896,0.18592423
GAGATGGGTTATAGCC-1-HCAHeart7905329,0.07156153,0.09605918,0.120517425,0.09230454,0.07364014,0.12004855,0.061368898,0.05513933,0.048227094,0.08340053,0.17773269
CGATGGCAGGGAGTAA-1-HCAHeart7880861,0.091387264,0.13906014,0.07267619,0.11155828,0.043093,0.11253964,0.07600647,0.055149965,0.061700705,0.080993466,0.15583475
TGAGCCGAGCGTGTCC-1-HCAHeart7844001,0.07625909,0.095011525,0.112538494,0.08355355,0.06984315,0.11840239,0.07107696,0.04935156,0.04789832,0.09056015,0.18550487
GGATTACTCAGGCGAA-1-HCAHeart7844004,0.084153265,0.098887525,0.11004177,0.07879196,0.0901126,0.12801045,0.06246536,0.047948625,0.04054655,0.0814479,0.17759402
TTCCGGTGTATAGCTC-1-HCAHeart7905328,0.075955816,0.09031541,0.093026005,0.09465916,0.07469267,0.12107592,0.07614454,0.053294215,0.049887493,0.11818305,0.15276574
ACATGGTGTCAGCTAT-1-HCAHeart7844001,0.0713436,0.1056936,0.089226805,0.097832344,0.06299113,0.13667725,0.083468564,0.048300635,0.045746416,0.09552497,0.1631945
TGCACGGTCTCTGACC-1-HCAHeart7905332,0.067626856,0.101019725,0.07204856,0.12176302,0.043862116,0.1160166,0.074175365,0.061746445,0.06167789,0.12369471,0.15636869
GATTGGTGTCCACATA-1-HCAHeart7905331,0.078473255,0.09845897,0.12943219,0.084162824,0.07767989,0.12269198,0.07482407,0.042405646,0.045070052,0.084026806,0.1627743
TCTGGAATCTTTACGT-1-HCAHeart7844002,0.0931179,0.10053346,0.13819607,0.067777984,0.10785527,0.12278996,0.06627027,0.039560113,0.04172302,0.06470349,0.15747245
TCATTGTGTTTGGCTA-1-HCAHeart7905327,0.07489638,0.108546436,0.14310665,0.07671484,0.05698665,0.09830062,0.0612157,0.04829755,0.053471245,0.064397976,0.21406598
AGAGCGATCGTATCAG-1-HCAHeart7844001,0.07746481,0.08835808,0.11666152,0.0857967,0.08695139,0.11803513,0.07265745,0.053097755,0.046421897,0.09842913,0.15612614
ATCCTATAGTAATACG-1-HCAHeart7905332,0.06914323,0.09023787,0.10169758,0.10006553,0.073130295,0.12330655,0.073029175,0.056023225,0.046745155,0.1086815,0.15793994
GATCGTAAGGTACTCT-1-HCAHeart7888926,0.07472963,0.14159937,0.08251114,0.08537945,0.05474273,0.12134305,0.06430907,0.054425336,0.04501739,0.06441111,0.21153167
AGGCCACGTGGACGAT-1-HCAHeart7888927,0.07652276,0.13325295,0.06448208,0.11000146,0.05379591,0.14988174,0.062907495,0.061209723,0.047422145,0.07043217,0.1700915
TCGGATACAAGAGATT-1-HCAHeart7905327,0.07569579,0.09836856,0.13595828,0.088438675,0.06645929,0.113317005,0.067944534,0.045566782,0.050816935,0.07724645,0.18018778
TCTATTGTCACAATGC-1-HCAHeart7888927,0.066249266,0.09037035,0.083381124,0.10976783,0.07298624,0.13193372,0.069199525,0.06798636,0.047276806,0.12083552,0.14001334
CGACTTCAGAGGTAGA-1-HCAHeart7880860,0.07741958,0.13224916,0.07715735,0.08473836,0.049341545,0.1150119,0.066934995,0.05676519,0.049223814,0.077361025,0.21379712
AGGGTGACACGTCATA-1-HCAHeart7905328,0.07942731,0.098926626,0.13546443,0.08089356,0.075862125,0.11716537,0.070570774,0.043022197,0.046221737,0.0797468,0.17269896
CGTCACTGTCACCCAG-1-HCAHeart7888926,0.07465683,0.09464808,0.07658492,0.10949912,0.0720728,0.1395169,0.0611697,0.06397399,0.04192407,0.10123708,0.1647166
AGTGTTGAGATGCTGG-1-HCAHeart7905327,0.07708865,0.10183823,0.1456945,0.080890946,0.07183491,0.11216343,0.06364315,0.045508604,0.04882626,0.07003111,0.18248025
ACGGTCGGTACTCCGG-1-HCAHeart7905329,0.06979967,0.09152402,0.09598383,0.096083984,0.07831244,0.13198398,0.07305518,0.05697576,0.043310747,0.110000856,0.15296943
GACGTTATCGCAGTTA-1-HCAHeart7905327,0.08338441,0.098261215,0.14011846,0.07360363,0.08044479,0.112210035,0.06403078,0.044333108,0.045888186,0.07445624,0.18326911
CTGAAGTAGATCCTGT-1-HCAHeart7844001,0.09147662,0.09503985,0.14854352,0.07408678,0.089002535,0.115316406,0.06411685,0.04008873,0.04721085,0.0691066,0.16601132
CGAGAAGTCGTTGCCT-1-HCAHeart7844003,0.08054639,0.09996828,0.1569422,0.0824717,0.07578894,0.11669869,0.055701252,0.04333747,0.04931957,0.06132746,0.1778981
GAGTCATGTACAGAAT-1-HCAHeart7905327,0.086341776,0.09552561,0.1337305,0.07257655,0.090331584,0.116246484,0.06522539,0.044363994,0.04351753,0.07835978,0.1737808
TGGCTGGAGTGCCATT-1-HCAHeart7844000,0.090518676,0.09394734,0.15369472,0.07045002,0.09154006,0.118701935,0.05815601,0.0411719,0.04598105,0.06471299,0.17112537
GGTTAACTCACAGAGG-1-HCAHeart7905329,0.08203379,0.09805159,0.14679211,0.076682225,0.07782653,0.1121549,0.06440465,0.04514443,0.049256597,0.070328385,0.1773248
GGTGTCGTCGAGAAAT-1-HCAHeart7905332,0.07684563,0.10971384,0.15434815,0.07011566,0.063166924,0.100274235,0.0644545,0.042523853,0.049068518,0.06411597,0.20537278
GTGATGTTCTCGGCTT-1-HCAHeart7905327,0.08547528,0.0981791,0.14386831,0.07313102,0.08397313,0.11306094,0.06518295,0.04259241,0.045923535,0.072247855,0.17636554
GGACAAGTCCTATTCA-1-HCAHeart7843999,0.07219508,0.08674598,0.08510629,0.09408032,0.08303611,0.1286007,0.068732165,0.06057844,0.043134976,0.1271288,0.15066116
GTGCATATCTTGGGTA-1-HCAHeart7844001,0.08853462,0.08955639,0.1392691,0.07589968,0.09441366,0.12314737,0.055209298,0.04474241,0.044533316,0.07226089,0.17243329
AGTACTGCAGGCCCTA-1-HCAHeart7905332,0.07451905,0.09715671,0.13422406,0.084313825,0.07504775,0.11751189,0.067347854,0.047905166,0.046592463,0.08154663,0.17383462
TAGACCATCGGAAATA-1-HCAHeart7844001,0.074087076,0.09410952,0.12014708,0.0863793,0.077507935,0.12234027,0.07611467,0.04871851,0.04552727,0.09422791,0.1608404
CGTGAGCGTGCTGTAT-1-HCAHeart7844004,0.08232968,0.093367085,0.13392591,0.072371766,0.07519789,0.105524495,0.052125737,0.05448046,0.049786344,0.07185747,0.20903315
ATCATCTTCACCTTAT-1-HCAHeart7844003,0.085916124,0.0950704,0.15209922,0.07555471,0.08798675,0.11412327,0.059071004,0.043524373,0.046359804,0.068122394,0.17217186
GATGAGGTCGCGTAGC-1-HCAHeart7844001,0.08534271,0.08950018,0.09625998,0.085403465,0.093329474,0.124202654,0.07386871,0.05000367,0.042969014,0.11049681,0.14862332
TATCTCAAGCGAAGGG-1-HCAHeart7880860,0.075662576,0.1014504,0.07183254,0.11201205,0.06785761,0.14292969,0.05431405,0.06385093,0.04032758,0.09011578,0.17964679
TCTGAGATCAAGAAGT-1-HCAHeart7843999,0.08278316,0.10295832,0.123977326,0.07553167,0.07921059,0.12312352,0.06625827,0.04325345,0.042716123,0.07794447,0.18224327
AACTGGTTCATACGGT-1-HCAHeart7844003,0.08414,0.09765962,0.12902531,0.07082256,0.07763948,0.120171845,0.061632447,0.043923426,0.043994453,0.07881301,0.19217783
GACTAACAGAGGACGG-1-HCAHeart7843999,0.076566234,0.10437921,0.13487163,0.079918444,0.06413804,0.110202745,0.06993024,0.045214318,0.049803946,0.07529804,0.18967724
GTGAGGAGTCACTAGT-1-HCAHeart7905332,0.079639874,0.101124786,0.14828703,0.07695582,0.07419557,0.11050967,0.06596258,0.043464348,0.048048873,0.07096761,0.18084382
TCGCGTTGTTATCACG-1-HCAHeart7844001,0.08323721,0.099376485,0.14848246,0.07838685,0.08036207,0.114087924,0.06373574,0.04241649,0.04731364,0.06970895,0.17289217
ATCTGCCCACAGTCGC-1-HCAHeart7844001,0.080396175,0.09225963,0.10591297,0.085289754,0.105565496,0.13740847,0.068415515,0.04862054,0.038121864,0.0914186,0.14659107
GTACGTAGTGAGTATA-1-HCAHeart7880862,0.08090749,0.1404015,0.08618936,0.077365614,0.037067443,0.089519314,0.079714745,0.047853585,0.05914763,0.08017248,0.22166084
TAGGCATGTCGCGTGT-1-HCAHeart7844003,0.077546045,0.08656129,0.11393878,0.08699766,0.0885469,0.11902898,0.070707396,0.053734705,0.046090513,0.100806735,0.15604097
CTTAGGAAGGGTTTCT-1-HCAHeart7843999,0.07700224,0.08694762,0.08370322,0.09783546,0.08902605,0.12642048,0.06929796,0.06246601,0.04497468,0.122580335,0.13974595
GGGCCATCAACCGTGC-1-HCAHeart7905327,0.07364954,0.098649256,0.12917452,0.08494199,0.06926061,0.11744165,0.069394454,0.047777176,0.047516514,0.08274063,0.17945363
CTGCAGGTCGCCGATG-1-HCAHeart7905330,0.06986253,0.08881599,0.0852402,0.109502405,0.0653919,0.12152817,0.07798849,0.056360707,0.051395986,0.12977614,0.1441375
TGCGTGGTCGCCAGCA-1-HCAHeart7844001,0.08181758,0.09676833,0.13084573,0.07831779,0.080011055,0.116657965,0.06807713,0.04501893,0.045659427,0.08095549,0.17587052
GCAGCTGAGGGATCGT-1-HCAHeart7905328,0.07131103,0.088900946,0.10615713,0.091035075,0.07229859,0.1165908,0.06954434,0.057291295,0.04904608,0.103437126,0.17438763
CTACACCGTCCCGACA-1-HCAHeart7844004,0.09230239,0.09330908,0.1459784,0.072214335,0.09579636,0.12113403,0.062085744,0.039444927,0.043841653,0.07088585,0.16300721
AGAATAGTCCGGCACA-1-HCAHeart7844001,0.080286264,0.08539941,0.090565,0.08960771,0.09386355,0.122964986,0.06371316,0.061666094,0.043291543,0.11669004,0.15195225
ATGGGTTGTATAATGG-1-HCAHeart7905328,0.088682815,0.09955243,0.13665333,0.067412905,0.08695256,0.11411437,0.06499241,0.041664727,0.04390081,0.07186106,0.18421265
CGGAGCTAGTTGTCGT-1-HCAHeart7844004,0.0847034,0.09954693,0.13733965,0.06775474,0.085476585,0.109320916,0.05466924,0.046619963,0.044948176,0.066629924,0.20299049
CTAGGTAGTTAGCGGA-1-HCAHeart7905328,0.08712148,0.09633644,0.13163982,0.07062701,0.09773564,0.12272911,0.05901831,0.045131072,0.04049626,0.073697515,0.17546725
TCAGCAACAGCCTTGG-1-HCAHeart7844004,0.08072367,0.1015077,0.16619542,0.069797695,0.07525282,0.10968024,0.052471858,0.043481518,0.047324605,0.05784888,0.19571559
CCTAAAGCAAGAGGCT-1-HCAHeart7844001,0.07845907,0.09424408,0.108343735,0.08804501,0.10895558,0.14386395,0.058487535,0.051932767,0.037060197,0.08194012,0.14866802
AGCTTGATCTGTCTAT-1-HCAHeart7844003,0.08917468,0.09596269,0.14199048,0.0747709,0.09014312,0.117611535,0.061383177,0.04150362,0.04433517,0.07174054,0.17138407
GAGGTGAAGTGTTTGC-1-HCAHeart7843999,0.07846981,0.09582592,0.13600563,0.086182244,0.0752029,0.1154652,0.067445956,0.04566207,0.04878341,0.08001272,0.17094415
GGTGCGTTCAACGAAA-1-HCAHeart7844001,0.074816555,0.09900012,0.09294483,0.09008742,0.072667606,0.13359407,0.07459546,0.050423,0.04316244,0.09753712,0.17117141
GAAGAATCATGAGAAT-1-HCAHeart7905332,0.083356366,0.098946586,0.14905886,0.073791176,0.08071104,0.11256218,0.060185898,0.04314456,0.04605479,0.06843551,0.18375295
AGGTCCGTCTCCAGGG-1-HCAHeart7844004,0.081133775,0.09478035,0.13885841,0.07682553,0.089739196,0.117578976,0.06314523,0.04671189,0.04342412,0.07856762,0.16923492
CGGACTGTCACATGCA-1-HCAHeart7844000,0.091636434,0.09119505,0.130754,0.080417946,0.098822415,0.12266084,0.06326278,0.041855354,0.043172576,0.080300786,0.15592186
CGTCAGGGTAAGGATT-1-HCAHeart7844004,0.07885362,0.09323366,0.12095906,0.08114295,0.084175944,0.12126383,0.06504803,0.050238192,0.04369299,0.087384105,0.17400765
TGTCCCACATGTTGAC-1-HCAHeart7843999,0.079073176,0.098539226,0.09209104,0.08945819,0.080213524,0.1358804,0.07699143,0.048214793,0.04283351,0.095492266,0.1612125
GTCTTCGTCTGTACGA-1-HCAHeart7843999,0.071224056,0.09377521,0.108140476,0.09306246,0.077409156,0.13118054,0.07283588,0.0520863,0.04364774,0.09885525,0.15778291
CTCTAATTCGGTGTTA-1-HCAHeart7880862,0.07591549,0.15303588,0.069664575,0.12224651,0.04083384,0.1281167,0.066423826,0.056074124,0.050325863,0.06853166,0.1688316
GACCAATTCCACTCCA-1-HCAHeart7844004,0.07595638,0.091272764,0.089153215,0.095722616,0.10035254,0.13801609,0.06520029,0.059746303,0.039628986,0.10410761,0.14084321
AACTCTTAGGTACTCT-1-HCAHeart7844001,0.08152277,0.09638496,0.12949432,0.085236065,0.096673496,0.12805879,0.054496214,0.04971956,0.041306105,0.07416308,0.16294457
TCGAAGTCATGGCCCA-1-HCAHeart7905332,0.070105866,0.10077372,0.08570094,0.12260937,0.052807864,0.121778525,0.08452246,0.04994853,0.053959496,0.1134437,0.14434953
ATTGGTGGTAAACACA-1-HCAHeart7888926,0.09128797,0.09807833,0.06304774,0.11990782,0.064650044,0.11582043,0.07341793,0.057440996,0.053801157,0.1364478,0.12609977
CAGTCCTGTCTTGTCC-1-HCAHeart7844001,0.091210596,0.0918123,0.13961656,0.074614376,0.100970045,0.12584856,0.059791487,0.04087864,0.041631136,0.074087515,0.15953873
TTGGGTACAAGCACCC-1-HCAHeart7905332,0.08214827,0.098312855,0.15798028,0.07835397,0.078709126,0.110018425,0.059420176,0.044687886,0.050503664,0.06337987,0.17648546
TGAGGTTAGCAACAAT-1-HCAHeart7905328,0.078018606,0.1091239,0.13591509,0.07507226,0.06198758,0.10619612,0.07409972,0.043204363,0.050144963,0.07387023,0.19236718
TTACCATGTGAGGATC-1-HCAHeart7905331,0.075029135,0.09201241,0.12692821,0.08594935,0.080496944,0.11763247,0.06581121,0.052453693,0.04711489,0.086450614,0.17012109
CGTAGGCTCTGCTGTC-1-HCAHeart7844003,0.078533925,0.09640872,0.13857189,0.08130942,0.0830628,0.11346759,0.059021425,0.051199563,0.046351198,0.07488872,0.17718475
AACACGTAGTCTCCTC-1-HCAHeart7844004,0.09174052,0.09289556,0.15011455,0.06949994,0.093307555,0.11891254,0.055171587,0.043016095,0.04643503,0.06353249,0.17537415
TTCCCAGCAGCCTTTC-1-HCAHeart7880862,0.07718014,0.13304177,0.08638262,0.08499004,0.035535485,0.092939384,0.07964373,0.046747085,0.0603247,0.08471916,0.21849597
CGTTAGAGTAACGATA-1-HCAHeart7905331,0.079488926,0.09846635,0.14168277,0.08043944,0.07629413,0.11511813,0.06679189,0.043023195,0.046520088,0.07707124,0.17510384
GGTGCGTAGACCGGAT-1-HCAHeart7844004,0.090809524,0.09048523,0.1257607,0.07124118,0.10003283,0.12215803,0.057994075,0.045636047,0.042144295,0.077464215,0.17627382
CACAAACCATTATCTC-1-HCAHeart7880861,0.086709924,0.09556613,0.07684548,0.100183584,0.10098783,0.1388825,0.042329658,0.06741415,0.036560383,0.08618999,0.1683303
CCACCTAAGTACGCGA-1-HCAHeart7880862,0.07361576,0.107803926,0.096360646,0.11060576,0.06730387,0.14063863,0.081668384,0.04432833,0.0461445,0.0901812,0.1413489
ACCTTTATCAGTGCAT-1-HCAHeart7843999,0.08512989,0.09797422,0.14130431,0.07236979,0.086857885,0.1160542,0.06288206,0.043535735,0.04408481,0.07249917,0.17730781
TTTGTCAAGCGTAGTG-1-HCAHeart7844004,0.075137794,0.09783602,0.12294765,0.08419149,0.07388615,0.12098102,0.05319534,0.054441582,0.04548669,0.07589704,0.19599923
AGCTCTCGTAGTGAAT-1-HCAHeart7844001,0.081802696,0.10364906,0.12877582,0.09180208,0.06578045,0.11338426,0.07336896,0.044697974,0.053876895,0.07511382,0.16774799
TTAGTTCAGACGCACA-1-HCAHeart7844001,0.08776593,0.104839124,0.13882291,0.07551466,0.08884188,0.12156373,0.063323736,0.04038702,0.041456133,0.069434285,0.16805065
ATAGACCAGACCCACC-1-HCAHeart7844003,0.08742642,0.0878654,0.13039175,0.069865555,0.12495288,0.12170258,0.056841012,0.0510269,0.03847074,0.07753746,0.1539193
GCGAGAACATATGGTC-1-HCAHeart7888926,0.06696965,0.08988307,0.08403551,0.11694224,0.047063712,0.12511145,0.060646698,0.05941999,0.052505486,0.11511255,0.18230957
AGTGAGGAGCCAGTAG-1-HCAHeart7844000,0.08590582,0.10815367,0.13847493,0.070293196,0.07722651,0.113247424,0.06258848,0.041132838,0.04510125,0.06453487,0.19334094
CAACTAGAGGAGTCTG-1-HCAHeart7844001,0.08920257,0.09958368,0.13725522,0.081206106,0.08467174,0.12662195,0.060457777,0.04210929,0.04735179,0.06525066,0.1662893
CAGGTATGTAGACACG-1-HCAHeart7905328,0.077830374,0.098554626,0.13907789,0.07959377,0.0776267,0.11647852,0.06545036,0.045700356,0.045673143,0.076698616,0.17731553
AGTGAGGAGGCTAGCA-1-HCAHeart7844002,0.079865806,0.112362534,0.10436943,0.084268294,0.07225893,0.13441934,0.076217785,0.04173755,0.043275613,0.07930751,0.17191723
ATGCGATAGTGGTAAT-1-HCAHeart7843999,0.08185919,0.09553205,0.13655524,0.078819685,0.08379062,0.115843356,0.06443522,0.04614033,0.04572357,0.07796487,0.17333578
TCGTCCAAGGTTCATC-1-HCAHeart7905329,0.0808583,0.110638835,0.13018256,0.095000796,0.055435468,0.10609483,0.06876078,0.041905653,0.054043073,0.06932018,0.1877595
TACGGATGTCTACCTC-1-HCAHeart7844001,0.08189244,0.09394686,0.10565257,0.09715319,0.08535527,0.12674229,0.07916365,0.048489004,0.04695272,0.09944921,0.13520284
CCTATTAGTATAGGTA-1-HCAHeart7844003,0.08130288,0.09553163,0.13644728,0.07745132,0.08424023,0.116652355,0.061225496,0.047015846,0.045030665,0.076243214,0.17885901
CATCGTCAGGCTAGCA-1-HCAHeart7905328,0.08646874,0.09934894,0.14494136,0.06836707,0.08356964,0.10930912,0.062158667,0.04279507,0.045114502,0.06968838,0.18823856
CAAGTTGAGTTTCCTT-1-HCAHeart7888926,0.0713917,0.09326052,0.07305589,0.10997319,0.058001563,0.13566643,0.05742918,0.061178595,0.04405959,0.109365,0.18661824
TGGATGTAGGTACCTT-1-HCAHeart7905327,0.07685017,0.10715029,0.1518935,0.07883448,0.070796855,0.114680514,0.06315148,0.042942494,0.04671694,0.06563108,0.18135224
TTAGGCAGTCTCGTTC-1-HCAHeart7844000,0.076494806,0.09107877,0.12590942,0.08135583,0.08360626,0.1159702,0.07064255,0.051540162,0.04630579,0.09084595,0.16625032
TTCATGTTCATCCCGT-1-HCAHeart7905327,0.08713305,0.09994201,0.13175139,0.07229172,0.08391449,0.11543374,0.06732275,0.042035643,0.044207748,0.076126,0.17984141
CGATCGGCAAAGCAAT-1-HCAHeart7843999,0.08435362,0.09726243,0.14865096,0.073606886,0.082761906,0.11052705,0.064437725,0.043793917,0.047419026,0.07120163,0.17598489
TACCTATAGCAATATG-1-HCAHeart7844001,0.0901095,0.08940306,0.13574468,0.072624415,0.10872441,0.11847027,0.056048874,0.04754755,0.04145406,0.07506455,0.16480857
GGAACTTTCCAAGTAC-1-HCAHeart7880860,0.092105456,0.085838586,0.16192871,0.07429209,0.101546966,0.11664192,0.047470327,0.046860468,0.046925545,0.060512394,0.16587757
GAAGCGAGTTGTGGCC-1-HCAHeart7905328,0.07465937,0.098814666,0.13262363,0.08167957,0.072355315,0.11752676,0.06433003,0.047877416,0.045900524,0.0793093,0.18492343
GGTGAAGAGTTCGCGC-1-HCAHeart7844001,0.079733975,0.109702,0.15299001,0.07806305,0.06518261,0.10591513,0.06204266,0.04374412,0.052405726,0.05994086,0.19027974
AGGGATGAGAAGGACA-1-HCAHeart7880861,0.07925257,0.11664309,0.06851426,0.12198926,0.051856223,0.11488602,0.073494926,0.06996111,0.064220905,0.110906065,0.12827551
CCCATACGTCTCCACT-1-HCAHeart7880862,0.06656936,0.11812292,0.089624576,0.072749354,0.04496072,0.115025744,0.072970636,0.050984044,0.046513163,0.09324925,0.2292301
CCTACCAGTTTAGGAA-1-HCAHeart7888926,0.07496912,0.13506296,0.08117888,0.098986164,0.042693883,0.12939718,0.05952811,0.060403094,0.048500404,0.06434955,0.20493072
TATCTCACACACCGCA-1-HCAHeart7844001,0.07352791,0.08566827,0.10012796,0.08784269,0.09346167,0.12584107,0.06551017,0.06079325,0.04257807,0.11027315,0.15437575
TAAACCGCAAGAAGAG-1-HCAHeart7880862,0.080002844,0.14701581,0.09151659,0.073158085,0.03799567,0.08764649,0.08847555,0.04449013,0.05892957,0.07942144,0.21134785
CATCAGAAGAATGTGT-1-HCAHeart7844003,0.08157506,0.08826938,0.12203282,0.07946031,0.094153404,0.11908475,0.06854979,0.049996216,0.04408206,0.09203531,0.16076083
TTCCCAGTCGGTTAAC-1-HCAHeart7844004,0.08421376,0.093215354,0.12678234,0.07690232,0.088860124,0.11895007,0.06875093,0.04537596,0.044368837,0.08445755,0.1681227
GCTCCTATCAACCAAC-1-HCAHeart7844004,0.07453979,0.08535094,0.1033105,0.090267204,0.078313194,0.12162068,0.07733162,0.05106399,0.046075277,0.11360606,0.15852068
CATTATCAGCGATGAC-1-HCAHeart7880863,0.075171985,0.10250262,0.067461126,0.12408499,0.05994181,0.11314486,0.06893722,0.07302784,0.06223357,0.1255879,0.12790605
AAGTACCGTTTCACTT-1-HCAHeart7905332,0.08469131,0.09946729,0.14304678,0.07168721,0.08358946,0.11280817,0.06792315,0.0418427,0.045079865,0.07389786,0.1759662
CTCCTAGAGTGGACGT-1-HCAHeart7843999,0.08213695,0.09601493,0.1364109,0.0770549,0.086057216,0.11737211,0.06562975,0.04514051,0.044360414,0.07849257,0.17132975
TACGGTAGTTTACTCT-1-HCAHeart7844002,0.09264788,0.095230296,0.10587271,0.07150182,0.12821522,0.13276695,0.06148495,0.046203025,0.035739247,0.076756276,0.15358159
ACGTCCTCAACTACGT-1-HCAHeart7905327,0.0777419,0.10074631,0.12811507,0.08218855,0.06804776,0.115553364,0.07113178,0.045161944,0.04797011,0.08173842,0.18160479
TGTCCCACATTGTACG-1-HCAHeart7905328,0.08028435,0.096994944,0.14118241,0.07990621,0.07809603,0.113283634,0.06640885,0.044770226,0.04759749,0.07630987,0.175166
GAAACTCCATCTCGCT-1-HCAHeart7844001,0.07713079,0.09535509,0.08668617,0.09238054,0.08864486,0.14175308,0.06849083,0.052684117,0.039482165,0.09975391,0.1576385
ACGATGTGTACAGTGG-1-HCAHeart7888927,0.06350561,0.10611132,0.08525675,0.11545583,0.048278894,0.12640162,0.06973954,0.06269535,0.05468129,0.10116291,0.16671088
CGAGTTAGTGACATCT-1-HCAHeart7905332,0.08204998,0.09963426,0.14135961,0.07401162,0.084249176,0.116640784,0.059949536,0.04531396,0.043457855,0.071106635,0.18222655
AAACCTGTCTCGGACG-1-HCAHeart7844001,0.08917061,0.096324325,0.15403123,0.06959299,0.08728437,0.11380875,0.05633177,0.044394176,0.04836534,0.061679613,0.1790167
AGCTTCCTCGGTGTTA-1-HCAHeart7905328,0.071513034,0.0860707,0.08828997,0.10363631,0.07003629,0.120091975,0.08030087,0.054832242,0.051195815,0.13127059,0.14276223
CTGAAACAGGACGAAA-1-HCAHeart7880861,0.073743016,0.14618158,0.08595273,0.0938528,0.036790352,0.11380665,0.06526544,0.056515295,0.053711843,0.06173911,0.21244127
AAGGTTCAGACCTTTG-1-HCAHeart7844004,0.08378047,0.09210675,0.12535384,0.080035664,0.09669041,0.12436381,0.0652513,0.046914354,0.042091265,0.08409655,0.15931568
GAGATGGCAAAGCTCT-1-HCAHeart7905332,0.08252224,0.09850475,0.14411704,0.07378858,0.085137606,0.113207825,0.05687485,0.047283456,0.045259994,0.0678693,0.18543425
TTGCCGTAGGTGACCA-1-HCAHeart7844003,0.087400556,0.08788909,0.12382924,0.07258403,0.110528484,0.12230865,0.059918225,0.048292775,0.038999904,0.08711125,0.16113776
GGATGTTAGTGCGATG-1-HCAHeart7888927,0.07973365,0.10986429,0.07232193,0.09517154,0.08425154,0.14617719,0.055366687,0.05672972,0.03664281,0.08123564,0.18250507
TCTTCGGGTAAACCTC-1-HCAHeart7844001,0.0884246,0.094413705,0.15701427,0.07702097,0.09017923,0.115583405,0.06040758,0.042884383,0.048562493,0.064603955,0.16090526
GTCTCGTTCGGTTCGG-1-HCAHeart7888926,0.06795622,0.09739235,0.08459673,0.09353892,0.056514267,0.12889607,0.07483735,0.053423867,0.045166574,0.10949021,0.1881874
GCACGGTTCAGTCCGG-1-HCAHeart7905327,0.08373499,0.09871242,0.15172096,0.07642523,0.080385245,0.11109139,0.06209386,0.043932468,0.048344523,0.06761439,0.17594457
GGAAGTGAGTGACACG-1-HCAHeart7905331,0.08928483,0.09330317,0.14447466,0.06970149,0.09708309,0.1203122,0.057891577,0.043911394,0.042989623,0.06956858,0.17147936
GTTTCTACATAGACTC-1-HCAHeart7844001,0.08583388,0.09624616,0.11821976,0.08069611,0.08406265,0.12553863,0.071189985,0.043232806,0.04455886,0.086044155,0.16437708
AGCTCAAGTGGCTTGC-1-HCAHeart7905330,0.07609297,0.113017134,0.14470588,0.0788385,0.06315336,0.11290534,0.074813314,0.041042186,0.050991226,0.06517836,0.17926165
ATTGGTGAGGCCGAAT-1-HCAHeart7880862,0.08293426,0.13947324,0.08323779,0.09222053,0.038813543,0.10472546,0.069938,0.05414973,0.05898655,0.07478634,0.20073462
GATGCTAAGGGAGTAA-1-HCAHeart7844004,0.08222824,0.0970515,0.13541384,0.075069904,0.0863958,0.117793806,0.06190488,0.046455573,0.04338893,0.076290175,0.17800736
GTTGCGGAGCATTTGC-1-HCAHeart7905332,0.08448149,0.09914509,0.14443077,0.07419652,0.081117265,0.111804575,0.06471768,0.042285014,0.04599839,0.07261909,0.1792041
ACGCCGAGTTCTGTTT-1-HCAHeart7844001,0.08647576,0.091205776,0.095953844,0.09748389,0.10318642,0.14063944,0.06203927,0.048966594,0.040236935,0.09432074,0.13949133
GCACGGTCAAAGGCAC-1-HCAHeart7905327,0.08044939,0.099699534,0.14641851,0.07478285,0.078732595,0.11178891,0.06306741,0.045255374,0.046453863,0.07115167,0.18219997
TGTGGTATCTTGCAAG-1-HCAHeart7880860,0.08016406,0.14044967,0.07141862,0.0927907,0.039514914,0.118194126,0.08282084,0.050869234,0.054564055,0.076701686,0.1925121
AAGGCAGTCATAAAGG-1-HCAHeart7844001,0.08546035,0.10136313,0.15258889,0.07863017,0.07732897,0.116419934,0.06506257,0.040038444,0.048681807,0.06592219,0.16850357
